code	country	2020_EW09	2020_EW10	2020_EW11	2020_EW12	2020_EW13	2020_EW14	2020_EW15	2020_EW16	2020_EW17	2020_EW18	2020_EW19	2020_EW20	2020_EW21	2020_EW22	2020_EW23	2020_EW24	2020_EW25	2020_EW26	2020_EW27	2020_EW28	2020_EW29	2020_EW30	2020_EW31	2020_EW32	2020_EW33	2020_EW34	2020_EW35	2020_EW36	2020_EW37	2020_EW38	2020_EW39	2020_EW40	2020_EW41	2020_EW42	2020_EW43	2020_EW44	2020_EW45	2020_EW46	2020_EW47	2020_EW48	2020_EW49	2020_EW50	2020_EW51	2020_EW52	2020_EW53	2021_EW01	2021_EW02	2021_EW03	2021_EW04	2021_EW05	2021_EW06	2021_EW07	2021_EW08	2021_EW09	2021_EW10	2021_EW11	2021_EW12
ABW	Aruba	0	0	2	3	41	18	28	4	4	0	1	0	0	0	0	0	0	0	4	0	6	8	2	388	539	486	441	453	566	466	372	242	114	116	106	103	76	69	66	109	124	87	111	132	245	481	392	303	236	258	198	247	229	213	287	355	483
AFG	Afghanistan	1	3	11	15	77	193	256	378	530	1006	1572	2361	3598	4527	5026	4552	4322	2178	2056	1694	923	747	674	346	496	402	189	191	317	278	273	105	406	438	627	657	608	1002	1468	1341	1228	1157	1452	1205	640	1874	538	621	449	322	143	107	127	133	119	134	197
AGO	Angola	0	0	0	2	3	5	9	5	1	10	8	5	13	23	4	50	38	83	87	116	225	229	248	408	307	255	417	384	400	566	771	698	876	1216	1564	1779	1530	1039	1039	674	449	625	465	523	459	548	609	602	415	280	267	170	283	273	268	373	335
AIA	Anguilla	0	0	0	0	2	1	0	0	0	0	0	0	0	0	0	0	0	0	0	0	0	0	0	0	0	0	0	0	0	0	0	0	0	0	0	0	0	0	0	1	3	3	0	2	1	2	0	0	1	1	1	0	0	0	3	1	0
ALB	Albania	0	0	38	38	121	136	100	115	164	77	67	77	56	133	110	232	427	439	489	552	637	629	759	879	985	1015	1004	823	1083	1041	927	964	1114	1543	2084	2017	2830	3528	4963	4594	5358	5594	4800	3213	3236	4042	4183	4225	5810	6961	7775	7075	7153	5863	4743	3720	3100
AND	Andorra	0	1	0	87	220	158	135	103	34	9	7	7	1	2	88	1	2	0	0	0	25	17	28	30	34	56	79	91	129	220	272	274	586	681	661	718	563	406	482	403	395	283	272	246	360	420	452	461	386	321	257	209	177	170	209	253	328
ARE	United Arab Emirates	8	24	40	68	315	1037	2231	2566	3511	3786	3818	5210	6077	5192	4372	3722	2543	2827	3497	3596	2258	1851	2198	1540	1802	2515	2711	4143	5378	5393	6376	7142	7373	9254	9377	8865	8403	8103	8650	8717	8774	8479	8649	8488	10749	16061	22106	24568	26285	22741	22203	22570	20419	19642	16169	14233	14431
ARG	Argentina	0	8	26	124	532	761	524	783	1022	901	1095	2029	3548	4861	5806	8275	10909	16540	17632	22133	25015	35810	38209	45268	47289	47702	64437	70567	74675	76453	79550	88334	93064	95237	102217	85588	69927	67995	61336	47193	46457	34770	42567	41098	56567	79575	77570	70213	60072	54425	44864	39072	43572	42517	45311	49714	59650
ARM	Armenia	0	1	17	142	247	363	197	281	429	596	902	1108	2019	2625	3437	3640	3704	4201	3991	3492	3070	2534	1845	1344	1310	1121	1010	1023	1026	1479	1918	2853	3811	7264	12523	14290	14436	11606	8984	8755	7365	6353	5861	4176	2449	1996	2441	1674	992	1036	1085	1212	1559	2464	3642	5228	6413
ATG	Antigua and Barbuda	0	0	1	0	6	8	6	2	1	1	0	0	0	0	1	0	0	39	4	6	2	6	9	1	1	1	0	1	0	1	2	9	4	8	5	4	3	3	5	2	3	4	4	3	4	10	18	8	23	70	139	171	128	87	149	71	89
AUS	Australia	10	38	187	821	2569	1910	753	265	126	105	140	105	70	78	67	61	141	225	757	1354	2005	2601	3492	3189	2203	1524	859	608	373	247	142	95	128	127	123	82	63	53	110	71	73	65	138	140	176	111	113	58	45	40	47	28	44	64	83	79	63
AUT	Austria	9	70	576	2159	5457	3510	2025	865	477	410	275	368	285	199	213	180	245	257	585	618	790	765	874	707	1260	1883	1923	2102	3609	4778	4740	5218	6991	8711	14895	26896	42295	51071	43671	33699	25028	19133	17387	13275	13818	14769	13440	11001	9696	9314	9781	11233	13781	15554	18194	20375	22346
AZE	Azerbaijan	0	9	6	38	129	339	537	315	244	277	528	716	844	1264	1993	2331	2668	3652	3911	3720	3612	2500	2524	1324	626	998	1069	1018	980	870	853	666	1191	2565	4696	6256	8479	9681	16469	24127	28298	29100	27704	14065	6270	4588	2901	1737	1378	956	973	978	1294	2098	3327	5798	8880
BDI	Burundi	0	0	0	0	0	3	2	0	6	4	0	0	27	21	20	2	19	66	21	0	119	51	34	10	7	17	16	15	11	2	12	28	4	19	19	30	27	15	29	25	13	34	33	25	36	63	300	253	175	104	107	159	198	118	142	122	94
BEL	Belgium	0	168	520	2126	6319	9297	9587	9165	8142	4192	3079	2393	1821	1376	886	846	632	659	629	631	1237	2021	3675	3999	4468	3599	3131	3226	4653	8270	12055	14820	29308	56184	92294	123820	64939	37112	25624	17544	15494	13217	20601	14270	11139	13525	14515	14645	15983	16033	13245	15264	17035	16395	19512	22620	38122
BEN	Benin	0	0	0	2	4	10	19	0	19	36	194	55	5	89	37	151	238	474	75	179	224	92	111	131	127	52	30	68	29	38	45	32	54	85	61	86	102	99	72	58	81	35	62	53	46	53	109	230	143	407	367	583	291	637	430	317	282
BES	Bonaire, Sint Eustatius and Saba	0	0	0	0	0	2	0	1	2	1	0	0	0	0	1	0	0	0	0	0	3	1	0	2	0	0	2	3	7	11	49	39	24	2	0	3	1	1	3	3	3	11	4	3	14	0	0	0	0	0	0	0	0	0	0	0	0
BFA	Burkina Faso	0	0	2	62	143	111	166	81	64	23	96	34	32	33	41	4	9	40	46	46	14	39	57	32	65	57	55	56	106	302	157	181	117	72	101	56	65	70	68	113	340	738	1060	1301	685	926	1134	967	613	647	361	195	199	171	197	166	157
BGD	Bangladesh	0	0	3	22	23	22	412	1662	2854	3792	4980	7225	11083	12530	18418	21353	24396	25203	25701	21450	20937	19112	18682	15253	19412	18100	16300	14640	12479	11328	10501	9692	9508	10222	10212	10177	11080	11732	14785	15338	15170	13389	10382	8539	7085	6198	5681	4263	3444	3000	2496	2758	2807	3893	6512	12470	23100
BGR	Bulgaria	0	0	41	122	168	172	158	217	369	347	327	254	233	91	212	555	606	753	1052	1498	1463	1674	1524	1507	990	798	1033	886	841	928	1178	1521	2801	4789	8454	15282	21641	22950	23262	21050	19097	18108	12077	6355	5496	5526	3330	2960	3922	4934	5964	6923	10267	13105	18067	24602	25290
BHR	Bahrain	41	44	125	95	171	212	352	733	815	696	1490	1973	2055	1991	3590	3330	3618	3936	3590	3613	3534	2743	2443	2439	2801	2608	2353	3380	4815	4913	4276	3535	2977	2284	2404	1670	1619	1259	1068	1054	1087	1233	1097	1456	1666	2133	1951	2188	3170	4087	5389	5132	4544	4348	4278	4922	5492
BHS	Bahamas	0	0	0	4	6	18	18	9	23	5	9	4	4	2	1	0	1	0	0	7	27	188	273	279	374	513	370	341	452	286	576	542	691	605	640	446	233	216	232	101	74	78	85	55	99	82	63	69	73	82	55	92	116	81	58	142	135
BIH	Bosnia and Herzegovina	0	3	15	75	165	366	322	322	218	353	251	177	124	103	112	287	380	662	1027	1757	1442	1606	2109	1811	2114	1914	1835	1889	1699	2079	1580	1178	2370	3216	6197	10332	11122	9688	8409	7401	7058	6538	5218	3806	2813	3236	1632	2409	2077	1937	1968	2135	3442	4534	6647	9177	10695
BLM	Saint Barthelemy	0	3	0	2	2	1	0	0	0	0	0	0	0	0	0	0	0	0	0	0	0	1	2	0	4	3	2	0	3	2	22	17	3	7	5	6	7	19	18	0	20	15	13	9	6	16	45	49	60	0	95	57	61	65	74	63	0
BLR	Belarus	1	5	21	49	18	346	1786	3071	4293	6238	6224	6629	6563	6414	6093	5490	4695	3159	2175	1497	1186	1049	944	792	570	977	1238	1140	1312	1486	1828	2563	2619	4592	4915	6504	6801	7587	9565	10889	11955	13055	13245	13343	13203	12243	13169	12322	10711	10389	10070	9961	8969	8473	6896	7965	8338
BLZ	Belize	0	0	0	0	2	2	9	5	0	0	0	0	0	0	1	1	2	2	6	7	3	8	8	90	242	280	296	230	264	148	219	255	347	348	331	381	589	707	327	537	1954	1572	618	699	317	459	263	193	186	129	108	99	49	42	35	30	15
BMU	Bermuda	0	0	0	2	15	18	13	35	26	5	4	5	5	12	1	1	4	0	0	4	3	0	3	1	5	5	2	6	2	3	1	0	3	1	5	9	10	13	5	20	41	103	125	65	41	24	24	16	5	1	2	5	6	17	13	38	174
BOL	Bolivia	0	0	10	9	55	65	136	218	373	604	967	1389	2089	3677	3766	4484	5670	7164	7395	9129	10938	10143	10512	10262	10091	9281	6927	4887	5741	4488	3122	2977	1894	1247	1069	978	670	754	741	670	900	1538	2740	4579	7706	10743	12882	14309	15408	11731	8908	5735	6776	5403	5054	5407	4891
BRA	Brazil	2	11	138	870	2883	6456	10367	15931	22666	37776	58961	77450	113887	151042	174406	177668	217065	246088	263337	262846	235010	319653	313364	304535	304684	265266	263791	276847	192687	212553	189751	188842	175804	141725	156273	154970	117956	195398	203827	237486	286905	302950	333028	252651	250599	359593	379061	361195	360721	270190	362589	329394	378084	421604	500722	510901	539903
BRB	Barbados	0	0	0	6	20	26	16	7	4	2	3	2	6	0	0	4	1	0	0	6	1	4	14	16	12	8	12	8	2	5	5	6	10	13	8	10	5	7	6	15	15	7	15	45	43	413	287	246	182	153	385	654	323	226	140	129	76
BRN	Brunei	0	0	40	43	37	15	1	1	1	0	3	0	0	0	0	0	0	0	0	0	0	0	0	1	0	1	1	1	0	0	1	0	0	1	1	0	0	0	0	2	1	1	0	0	5	16	1	1	5	1	3	1	1	3	3	13	1
BTN	Bhutan	0	1	0	1	1	2	0	0	2	0	0	14	3	9	15	18	2	7	3	4	5	5	10	6	25	22	40	33	16	15	12	12	23	19	15	9	10	16	4	17	30	11	6	154	113	100	32	12	4	3	2	3	1	1	0	1	2
BWA	Botswana	0	0	0	0	0	4	9	2	7	1	0	1	6	5	5	20	29	3	185	37	208	164	118	0	410	94	254	440	250	315	354	251	47	2023	681	719	1193	390	1369	664	1273	970	513	1011	780	1245	1315	2289	1639	2210	1423	1598	1847	3375	2352	1395	2973
CAF	Central African Republic	0	0	0	3	0	5	0	4	4	56	71	184	225	410	608	487	629	743	540	319	197	113	16	27	11	27	21	29	20	37	20	39	9	1	7	4	13	17	15	2	9	14	0	12	15	6	4	1	7	8	7	5	3	14	5	52	13
CAN	Canada	11	34	144	1079	4299	7402	10338	11040	12015	11554	10992	8288	7945	6530	4795	3568	2719	2116	2307	1965	2725	3595	3053	2625	2677	2735	3079	3872	4653	6443	9163	12590	16407	14300	18984	21262	25908	31918	34052	39088	44264	45984	47214	38312	45882	67388	49574	40465	32400	26032	22614	19922	21017	20204	22333	24048	29950
CHE	Switzerland	18	250	1091	5216	7501	6429	4602	2297	1490	923	434	321	153	120	111	138	149	312	643	619	675	810	1110	1039	1473	1703	2095	2235	2747	2579	2581	2520	5984	14054	29231	50598	57662	45222	33466	27689	26207	29334	30158	24208	24099	25687	17245	14051	12041	10553	8854	7048	7157	7358	8355	9964	11608
CHL	Chile	2	11	75	504	1423	2340	3011	3232	3939	6676	10995	17808	30271	38433	41631	41283	35114	31018	24081	20182	16817	14746	14066	13365	12879	11806	12301	12425	12232	12008	11305	12492	11124	10408	10539	9714	9721	9699	9467	9798	9727	11113	13574	15039	17508	21840	27751	29154	28253	25182	24314	23449	25573	29065	34896	39710	44824
CHN	China	2329	1401	175	195	406	243	333	749	109	48	26	46	27	27	36	96	248	121	53	41	65	171	555	234	208	124	80	91	62	95	72	99	107	115	121	204	215	126	93	81	107	106	104	126	162	316	794	765	531	171	71	68	62	82	69	55	71
CIV	Cote d'Ivoire	0	0	1	13	87	144	288	268	276	285	305	394	305	433	758	1291	2428	1668	1518	1981	1469	1582	615	511	373	381	519	579	444	353	331	249	279	173	128	287	97	132	181	135	180	198	285	191	482	919	1374	1756	1566	1389	1317	1030	717	2304	2369	2609	2948
CMR	Cameroon	0	1	1	25	64	464	265	197	501	559	197	831	1295	1504	1695	1082	2929	982	0	2581	984	551	547	787	427	293	380	462	405	422	304	189	279	238	129	223	549	350	836	589	635	391	581	553	571	0	1162	1607	0	1777	704	1651	1965	0	4908	0	7047
COD	Democratic Republic of the Congo	0	0	2	21	42	89	69	84	109	258	263	518	570	941	912	846	948	1018	689	592	353	477	283	352	202	173	196	171	207	103	105	159	89	159	143	163	244	210	420	428	805	929	1055	1366	1235	1161	1534	1020	891	881	755	840	712	677	469	530	419
COG	Congo	0	0	0	3	1	18	38	83	57	29	45	117	96	84	112	45	155	204	470	471	605	405	162	464	81	105	129	649	300	58	19	84	29	38	97	37	89	136	117	142	0	275	151	708	199	20	582	85	93	173	359	0	401	359	150	235	117
COL	Colombia	0	1	21	174	412	798	1303	912	1521	2143	3210	4444	5238	8059	9791	10719	16887	22958	24798	32243	45068	50095	65386	70689	79819	76414	66781	58572	50508	49434	47640	42109	54600	49624	55340	66473	62263	55187	48859	59120	62636	54823	78990	88841	81505	104955	119671	111935	83837	64401	38909	31902	26117	25110	25837	32105	44404
COM	Comoros	0	0	0	0	0	0	0	0	0	3	8	0	67	28	35	35	71	25	37	8	11	12	46	13	4	14	6	29	4	14	8	9	8	7	15	28	18	16	17	15	5	12	15	72	149	286	427	683	458	368	246	158	81	25	30	40	24
CPV	Cabo Verde	0	0	0	3	2	2	1	50	32	62	84	92	43	50	121	184	137	228	330	202	391	244	222	355	328	292	323	497	436	475	515	595	617	725	684	471	498	489	454	466	336	266	265	131	185	433	585	513	567	399	320	299	325	400	311	405	578
CRI	Costa Rica	0	1	25	91	178	140	142	78	38	40	47	73	65	129	216	399	465	852	1642	2610	3320	4049	3587	4615	4935	5347	6615	7221	8534	8258	8337	7133	8257	8075	7574	6883	6392	6860	6195	7675	6592	7262	6525	5518	6331	8293	6573	5121	3968	3162	2749	2491	2663	2299	2453	2810	3275
CUB	Cuba	0	0	4	17	98	169	332	366	351	274	143	108	69	94	148	65	71	21	39	51	25	33	155	255	404	325	308	373	355	402	357	368	168	222	364	353	380	301	230	375	541	640	670	1014	1187	1963	3313	3126	5047	6337	5472	6001	5677	5674	5723	5404	5622
CYM	Cayman Islands	0	0	1	2	5	27	10	16	9	4	7	13	35	12	23	23	8	1	5	0	2	0	0	0	0	2	0	0	3	0	2	3	8	12	6	1	10	4	7	13	14	10	13	7	20	21	15	9	7	15	11	12	16	7	17	7	12
CYP	Cyprus	0	0	26	58	95	247	190	145	49	54	28	22	13	17	16	20	5	9	8	12	23	16	71	109	99	85	83	24	16	67	94	127	175	595	863	922	1505	1180	1405	1775	1950	2295	3000	1915	4054	3566	1800	1076	883	874	746	763	1271	2151	2702	2605	2423
CZE	Czechia	0	19	170	806	1636	1841	1359	775	746	403	340	360	435	340	337	424	457	850	1142	675	740	1357	1487	1536	1656	1899	2304	3658	7649	12905	14988	17311	33400	54822	81970	84305	76118	47009	32521	27899	25530	31243	43414	48733	67900	87247	61190	49455	47353	49398	52737	63472	81274	84569	79944	67298	53829
DEU	Germany	63	720	3786	17628	35482	38397	28816	18434	13171	8454	6357	4428	4234	3203	2261	1817	3403	3788	2740	2511	2717	3852	4727	5898	7585	9373	8974	8223	9759	12115	12094	15001	23436	41201	63144	103982	136324	131619	128257	124504	131146	152461	172417	137722	127300	154922	110183	99046	87220	60092	51903	51515	55756	57974	67713	99369	113692
DJI	Djibouti	0	0	0	1	13	36	137	545	276	104	77	142	939	924	975	280	116	78	93	232	35	36	45	254	29	15	3	2	7	9	6	9	5	29	78	31	44	40	16	15	16	33	56	24	36	25	37	15	13	10	27	54	43	69	118	266	731
DMA	Dominica	0	0	0	0	11	3	2	0	0	0	0	0	0	0	2	0	0	0	0	0	0	0	0	0	0	1	1	2	2	0	0	7	1	1	5	12	13	5	4	13	0	2	1	0	0	18	4	3	4	4	0	13	8	2	12	0	5
DNK	Denmark	3	20	804	499	875	1876	1919	1246	1203	962	912	539	431	344	291	215	252	284	157	114	227	265	351	653	1041	756	540	957	1821	2879	3777	3089	2780	2859	4470	6940	7879	6848	8557	8719	10504	18258	24490	19561	16374	12699	7959	5718	4178	3091	2881	3014	3651	3594	5592	4930	4202
DOM	Dominican Republic	0	2	9	101	607	769	1271	1576	1591	1652	2304	2228	2312	2486	2287	3377	3206	4841	5565	6930	8405	9377	10519	7363	6767	5016	3171	5044	4316	4608	3257	2969	4088	2911	3093	3000	2627	3580	4545	4883	5002	5930	5479	6876	7025	7679	10695	11168	10046	9595	6747	5607	4507	3651	2956	3373	2593
DZA	Algeria	1	16	20	102	315	797	574	709	722	1039	1263	1263	1292	1154	783	760	821	1337	2532	3212	3837	4215	4186	3743	3440	2935	2713	2290	1936	1616	1291	1081	945	1263	1677	2062	3439	5438	6955	7438	6290	4136	3143	3076	2302	1754	1698	1758	1753	1507	1884	1251	1196	1144	1039	923	684
ECU	Ecuador	0	13	15	478	1317	1642	3792	1765	13697	4745	4670	3742	3495	2313	4157	3628	3375	4843	6961	5674	6173	6654	6196	7340	7116	6401	5817	5139	6359	9169	8361	6370	6477	5594	7192	8578	5294	6141	5249	6033	6482	4133	4396	3354	5239	5836	10459	7424	11547	7336	8412	7570	11250	8596	7723	10202	11831
EGY	Egypt	0	14	94	185	282	494	869	1093	1287	1874	2771	2755	4794	6936	9163	10368	10778	10165	10112	7123	6014	4411	2733	998	1022	901	1260	1215	1144	1044	836	839	812	910	1100	1158	1407	1585	2129	2507	2831	3075	3802	6424	9563	7921	6708	5636	4275	3688	4096	4341	4286	4093	4358	4491	4593
ERI	Eritrea	0	0	0	1	5	23	5	5	0	0	0	0	0	0	0	26	78	48	24	17	19	12	16	6	0	21	12	12	31	3	11	23	16	38	9	2	28	2	58	26	55	79	43	238	328	236	321	63	195	191	103	256	162	97	94	80	90
ESP	Spain	43	455	5891	18983	47861	52933	36859	28699	24213	10677	6996	7120	4592	4310	2082	2295	2333	2531	2076	3363	6347	12166	16101	25840	28451	43241	53232	59703	67337	73714	76441	73451	71180	75448	109572	139546	143154	129759	98139	71478	56439	45928	66661	57715	73314	122095	201804	247396	243559	198871	114045	77087	55431	34806	34692	28628	42992
EST	Estonia	1	9	105	191	339	394	265	208	123	64	34	37	51	44	66	42	8	5	7	21	7	12	39	75	37	81	98	128	164	220	290	412	269	206	299	554	1028	1479	1963	2323	2802	3213	3506	3808	3762	4300	3602	3493	3563	3765	4237	5284	7366	9285	10188	10156	8710
ETH	Ethiopia	0	0	1	8	7	22	31	36	17	11	77	96	188	569	871	1232	1303	1101	276	1556	1745	4101	4751	4254	6641	10139	10621	7812	6422	4243	4569	5160	5569	5005	4424	3311	3032	3120	3031	3578	3810	3557	3197	2919	2636	2743	2980	2526	3723	4432	4251	6153	6196	6976	9025	11587	13153
FIN	Finland	2	12	210	298	644	715	1023	776	794	701	704	406	282	258	138	123	55	56	50	43	35	70	55	125	152	186	143	212	296	365	655	814	1458	1444	1359	1461	1272	1717	2114	3091	2911	3232	2403	1968	1783	1788	1709	2233	2537	2391	2745	3278	3767	4500	4454	5117	4422
FJI	Fiji	0	0	0	1	4	7	4	1	1	0	0	0	0	0	0	0	0	0	0	8	0	1	0	0	1	0	0	3	1	0	0	0	0	0	1	1	0	1	0	3	6	0	2	0	3	4	2	0	0	1	0	0	3	4	3	1	0
FLK	Falkland Islands (Malvinas)	0	0	0	0	0	1	4	6	2	0	0	0	0	0	0	0	0	0	0	0	0	0	0	0	0	0	0	0	0	0	0	0	0	0	0	0	0	2	1	0	1	0	6	6	0	0	3	3	6	4	8	1	0	0	0	0	0
FRA	France	88	838	3531	9813	22880	26426	14023	92711	12334	9799	7495	3008	2829	6198	5693	2713	2492	1986	1883	2575	2947	5037	6582	9467	16769	21758	33136	43748	54257	66058	83360	76642	110825	146685	217868	278983	426812	204033	171052	80452	72150	82851	94099	89549	91016	122716	125412	138788	140954	136457	128532	130902	149767	143708	161662	205091	254568
FRO	Faroe Islands	0	1	8	83	63	26	3	0	3	0	0	0	0	0	0	0	0	0	0	1	0	4	33	70	75	14	27	2	5	13	29	13	4	6	7	5	0	2	2	3	4	19	14	32	43	32	3	3	2	1	2	1	0	0	2	1	0
FSM	Micronesia	0	0	0	0	0	0	0	0	0	0	0	0	0	0	0	0	0	0	0	0	0	0	0	0	0	0	0	0	0	0	0	0	0	0	0	0	0	0	0	0	0	0	0	0	0	0	0	1	0	0	0	0	0	0	0	0	0
GAB	Gabon	0	0	1	3	3	14	25	62	68	159	326	659	614	721	446	362	965	781	411	322	373	669	547	392	302	163	117	96	42	53	32	69	38	46	38	49	54	40	69	60	63	76	70	97	74	123	205	379	470	709	1120	976	1011	1061	1035	1051	1066
GBR	United Kingdom	38	367	2202	6327	17882	30359	32192	32047	32824	31230	22833	19782	16226	10744	8442	7079	6573	5138	2592	4053	5113	4615	5261	5821	7616	7222	8151	11412	21010	25184	38919	50740	110827	114584	148582	157650	159781	172915	149027	111789	100799	124985	173263	251786	343784	417620	339952	260098	178629	133747	97271	78569	64844	42824	40477	37451	37909
GEO	Georgia	1	3	26	19	41	72	80	146	68	126	44	57	45	29	51	43	47	23	27	33	37	99	54	45	105	73	68	159	454	1231	1654	2604	3707	5014	10218	12433	15916	21806	24026	27258	30212	28852	19901	13601	8244	9334	8939	5947	4660	3988	3580	2897	2413	2107	2104	2497	2718
GHA	Ghana	0	0	3	16	122	64	203	426	445	890	2094	1472	882	1151	1694	1656	2599	2714	2957	4860	2812	4791	5163	3519	1677	1115	793	659	657	443	345	581	202	227	458	365	849	1114	699	662	717	837	720	633	778	708	1209	3134	5312	4619	5790	3819	2931	3506	1388	1796	1011
GIB	Gibraltar	0	1	0	9	46	42	31	3	4	8	2	2	5	17	6	1	0	1	1	2	0	5	3	9	12	30	36	37	15	23	22	56	48	82	102	37	88	102	66	56	39	24	139	382	711	805	528	298	173	69	38	13	10	9	16	7	3
GIN	Guinea	0	0	1	1	6	103	139	268	478	590	456	616	518	530	411	367	476	331	279	474	447	436	381	567	468	589	319	398	371	266	226	223	261	482	157	437	328	185	213	241	194	187	112	114	138	158	156	202	175	190	230	500	499	646	1052	970	939
GLP	Guadeloupe	0	0	1	52	49	32	9	5	1	3	2	1	1	6	2	7	3	8	2	6	5	8	62	25	156	325	374	218	1717	346	1061	1041	955	639	207	276	298	195	127	119	83	24	47	59	63	82	132	222	0	100	146	153	513	490	0	267	370
GMB	Gambia	0	0	0	1	2	1	5	0	1	7	3	3	2	0	1	2	9	7	13	7	29	184	221	592	599	748	558	255	226	128	51	35	38	21	10	13	12	18	24	5	39	9	7	5	9	41	56	61	132	147	65	252	137	68	226	168	212
GNB	Guinea-Bissau	0	0	0	0	2	16	20	8	6	205	384	328	145	142	112	92	81	73	151	77	107	5	27	71	65	32	56	40	30	28	21	38	23	4	14	10	1	5	2	1	19	3	3	0	5	3	23	32	22	240	113	206	156	65	124	122	72
GNQ	Equatorial Guinea	0	0	0	6	6	4	2	61	179	57	124	155	366	346	0	0	358	337	1070	0	0	0	1750	0	0	105	15	31	24	6	26	17	18	7	9	9	4	12	26	23	6	26	29	22	41	12	67	45	115	62	116	104	207	324	233	174	166
GRC	Greece	4	42	182	302	531	612	408	154	271	114	90	109	57	39	65	132	144	110	145	261	211	183	421	834	1437	1523	1596	1409	1650	1942	2250	2385	2465	2854	5060	9259	15558	17701	17611	12913	11534	9274	6643	4629	4595	4584	4077	3276	4827	6740	8253	7452	10913	14147	15543	16090	16979
GRD	Grenada	0	0	0	0	7	5	2	0	4	3	0	1	0	1	0	0	0	0	0	0	0	0	1	0	0	0	0	0	0	0	0	0	0	3	1	0	2	2	9	0	0	2	51	18	15	0	12	8	1	0	0	0	0	0	0	6	1
GRL	Greenland	0	0	0	2	8	1	0	0	0	0	0	0	0	2	0	0	0	0	0	0	0	0	1	0	0	0	0	0	0	0	0	0	2	0	1	0	0	1	0	0	0	1	0	7	1	3	1	0	0	0	0	0	0	1	0	0	0
GTM	Guatemala	0	0	1	16	17	27	76	98	238	215	279	796	1291	1685	2053	2699	3264	3642	6104	6097	9444	6450	6487	5210	6124	5543	5823	3802	4177	3494	4550	4046	3796	3484	3604	3307	3111	3669	3698	3381	3554	3747	3496	2576	3145	4811	5471	5292	5228	3819	4134	3860	3404	4002	4342	4980	5391
GUF	French Guiana	0	5	0	13	10	33	22	13	15	17	13	56	82	198	162	522	1002	1298	1452	1036	706	677	525	410	321	209	279	246	199	171	171	166	115	99	133	160	168	140	170	165	228	348	526	404	588	697	806	784	468	268	160	73	98	66	71	0	158
GUY	Guyana	0	0	1	6	16	15	22	18	10	9	12	23	10	25	2	5	24	47	42	19	36	33	70	124	120	251	259	275	353	356	557	243	437	305	284	168	322	310	299	245	299	242	226	184	62	190	310	371	359	358	268	192	151	222	349	464	487
HKG	Hong Kong	26	13	32	133	288	301	138	24	13	2	5	8	13	17	23	4	19	69	61	173	282	792	891	611	399	251	129	71	81	71	50	49	67	62	52	34	41	80	116	563	679	644	632	462	383	288	291	507	390	209	159	81	135	91	183	114	74
HND	Honduras	0	0	2	22	71	169	128	65	170	383	820	755	912	1617	1061	2300	3851	4701	5914	4662	5210	5645	4247	4288	3006	4004	5662	4707	2784	4007	3405	4240	4358	4448	5130	4164	3153	2514	1880	3078	2447	4083	2169	2885	4047	3799	6564	6731	6862	6805	5883	4707	5259	3266	4812	4099	5084
HRV	Croatia	6	6	26	168	451	469	408	298	184	72	88	48	19	3	1	4	48	325	470	578	581	539	432	319	877	1480	1961	1878	1629	1357	1282	1394	2531	4829	9198	15357	15388	17140	18566	23283	23761	25069	20464	11325	7950	7085	5228	3993	3522	3036	2333	2226	2932	3503	4364	6321	9096
HTI	Haiti	0	0	0	2	6	10	12	13	29	9	48	144	461	709	1197	1301	975	627	558	481	366	249	215	170	228	206	145	165	131	99	128	108	62	71	74	55	55	59	43	53	83	118	183	198	169	226	394	400	425	298	258	238	176	106	96	68	36
HUN	Hungary	0	4	26	73	240	335	632	524	609	499	271	260	240	154	123	74	22	52	36	55	86	109	102	127	224	256	536	2223	3933	5095	6157	6640	6879	8220	11282	19223	29622	31780	33575	34410	38873	32666	23775	15340	11326	13771	10128	7730	7962	8846	10630	14356	24019	35686	47811	53344	63808
IDN	Indonesia	0	4	92	354	705	937	1750	2406	2359	2236	2802	3380	4720	4028	4741	6906	7609	7783	9330	11876	10864	12404	12650	13567	13965	14030	17697	21470	24081	25941	30652	28167	29446	28810	28218	24108	23748	29171	30301	34691	41708	41924	46317	48889	51636	59913	78256	80832	88839	80697	63693	60650	57721	44762	40905	41047	36214
IMN	Isle of Man	0	0	0	1	31	94	100	71	11	12	9	6	1	0	0	0	0	0	0	0	0	0	0	0	0	0	0	0	1	2	1	2	3	3	0	5	4	6	5	1	1	0	3	1	6	14	25	13	2	0	2	14	34	192	558	228	93
IND	India	0	31	68	228	657	2095	5364	7276	10561	13416	23109	27840	40775	50404	64795	74300	89529	118408	144306	176357	228259	307854	365088	402287	436942	454988	497793	571078	640545	646263	591913	556841	504433	440745	370260	319271	323672	306825	281227	297113	251303	212807	174194	156627	136115	126319	107701	96548	91641	80189	78577	86711	105080	114068	148249	240082	372494
IRL	Ireland	1	17	111	656	1630	2189	4324	5830	3803	2615	1584	1288	534	347	254	112	79	63	72	102	139	119	240	535	547	717	812	814	1196	1808	2022	3108	4046	6964	7430	5348	3399	2671	2617	1799	2006	1808	3020	6618	11532	43801	29053	16404	9119	7245	6248	5582	4602	3719	3659	3473	4106
IRN	Iran	565	5230	6906	7881	14798	20335	14286	10839	8460	7120	9772	12172	15129	15429	20475	15530	17629	17596	17698	17239	16489	17233	17913	17940	16378	15722	15024	12850	15274	19103	24043	25033	28134	30237	36215	50067	60478	76275	91783	94491	93187	71832	51254	42891	42511	42964	43957	42637	44699	47639	51503	55208	57078	58523	57678	54445	53118
IRQ	Iraq	13	41	56	104	292	372	440	195	250	456	460	581	1012	1907	4919	7852	10272	14040	15092	16840	15026	17353	19131	20685	25194	28467	26396	29273	30059	28819	30372	29962	24193	23400	25629	23477	23389	20896	16640	15266	13699	11102	9496	7661	6254	5298	5256	5283	6052	8494	14212	23122	27491	30948	31129	35072	37767
ISL	Iceland	1	49	106	317	490	454	272	71	30	8	3	1	2	2	0	2	7	5	10	3	5	5	50	62	44	59	42	36	26	145	294	271	588	538	396	471	198	123	83	102	105	76	69	62	71	126	76	25	21	19	13	12	4	10	13	25	66
ISR	Israel	5	41	119	705	3058	4256	2795	2585	1765	767	290	169	120	344	752	1256	1676	2834	5806	8784	11431	11885	10943	10122	9861	9698	11587	15513	23905	32627	43097	36024	25181	12791	6931	4653	4534	4580	5088	6357	8918	11960	17100	25778	36135	50635	58065	50462	44828	46794	36263	22667	28822	26392	18072	9421	4163
ITA	Italy	1066	4755	15274	32421	38894	32160	27639	23654	19426	13977	8940	6492	4567	3337	2137	1850	1772	1861	1283	1408	1389	1648	1968	2271	3335	4698	8717	9485	9959	10272	11535	14647	26743	53042	101973	174921	223060	242062	235979	184001	145459	115784	112308	100676	102442	116665	110867	86452	86598	83315	85721	84977	112029	138937	155076	154493	156122
JAM	Jamaica	0	0	8	8	14	23	12	98	142	158	27	27	33	31	15	19	42	33	38	30	16	63	46	120	79	264	767	911	599	1135	1096	941	764	636	475	424	378	308	460	429	394	545	527	549	247	524	641	676	755	1314	1989	2094	1893	2486	4609	4753	3082
JOR	Jordan	0	1	0	84	161	77	58	32	31	16	62	85	97	30	61	158	62	96	39	26	38	50	54	38	93	237	317	460	709	1478	3521	6688	9249	12055	14697	21857	32195	36503	36856	32548	26804	19762	15522	13559	10312	9291	7598	5962	6155	8181	10948	15008	26685	34919	47585	57666	55467
JPN	Japan	108	221	329	264	669	1797	3426	3597	2638	1675	894	447	208	306	284	293	432	529	1207	1969	3516	4738	8120	9538	7709	6865	5437	4114	3739	3456	3041	3642	3617	3708	3929	4728	6112	9674	13758	14586	15413	17402	18543	21652	23630	40640	42205	36986	25571	16629	10675	9149	7141	6541	8678	8900	11351
KAZ	Kazakhstan	0	0	6	47	175	303	334	750	986	1256	1118	875	2069	2463	2129	1727	2987	3094	26852	11082	10450	13017	8647	19572	9842	6462	3797	2988	2936	2049	1869	1602	1796	1739	1963	2717	4622	5435	6712	6337	6539	6169	5456	6173	5738	5716	6331	9468	10174	8835	6995	5989	5705	5564	5812	8329	8994
KEN	Kenya	0	0	1	6	31	88	65	71	81	92	214	181	362	696	712	857	1021	1333	1766	2149	3024	3893	4720	4474	4012	2269	1676	1226	949	860	1042	1313	1974	3038	4594	6402	6577	7504	7131	6201	5379	3542	2625	1692	835	1506	898	816	777	1015	1102	1201	1655	2714	4443	7358	9167
KGZ	Kyrgyzstan	0	0	0	14	44	86	195	167	159	104	162	186	248	357	252	233	774	1532	2581	3316	14196	7518	4175	3272	2074	1244	823	581	535	507	755	1094	1740	2566	3654	3734	3426	3649	3196	2822	2803	2285	1852	1271	1032	924	971	687	733	463	449	390	354	321	312	571	557
KHM	Cambodia	0	0	6	46	46	15	6	2	0	0	0	0	2	1	0	3	1	12	0	15	15	54	15	8	25	0	0	1	1	0	1	2	5	0	4	4	4	7	4	9	31	13	3	2	17	10	48	19	7	9	5	54	272	182	318	273	569
KIR	Kiribati	0	0	0	0	0	0	0	0	0	0	0	0	0	0	0	0	0	0	0	0	0	0	0	0	0	0	0	0	0	0	0	0	0	0	0	0	0	0	0	0	0	0	0	0	0	0	0	0	0	0	0	0	0	0	0	0	0
KNA	Saint Kitts and Nevis	0	0	0	0	2	7	3	2	1	0	0	0	0	0	0	0	0	0	1	1	0	0	0	0	0	0	0	0	0	0	2	0	0	0	0	0	0	0	0	3	3	2	3	0	3	1	0	1	2	3	0	1	0	0	2	1	0
KOR	South Korea	2717	3891	1045	713	679	678	324	173	75	65	81	176	140	278	308	309	336	294	376	326	328	405	216	232	720	2081	2300	1478	999	799	636	480	515	593	637	799	792	1119	2187	3091	3722	5220	6899	7207	6372	5420	3676	2744	3121	2691	2629	3467	2684	2795	3164	3030	3092
KWT	Kuwait	45	16	43	72	59	244	675	597	1141	1727	3004	6179	6662	5728	4939	4335	3679	5246	4912	4755	4846	4405	4139	3751	4498	4260	4267	4739	5248	4838	4150	3259	4110	4915	5444	4999	5279	5136	3393	2461	1969	1880	1731	1674	1625	2826	3499	3502	3721	5414	6867	6419	6568	9538	9032	9473	9245
LAO	Laos	0	0	0	0	8	2	8	1	0	0	0	0	0	0	0	0	0	0	0	0	0	1	0	0	2	0	0	0	1	0	0	0	0	0	1	0	0	0	1	14	0	2	0	0	0	0	0	0	3	1	0	0	0	2	1	1	0
LBN	Lebanon	3	18	71	94	225	108	99	53	32	29	76	93	195	94	129	122	94	183	136	313	607	807	1148	1493	2219	3749	4084	3736	3658	4628	6945	8252	9064	8726	8622	11322	11869	11170	11016	10395	8617	10950	11325	12902	16936	29145	33605	27429	22326	18923	19163	16372	19421	20436	22134	21213	21763
LBR	Liberia	0	0	0	3	0	7	38	28	44	34	45	24	32	25	65	101	155	128	140	129	90	67	34	45	23	29	18	2	10	19	3	9	16	14	16	33	16	56	53	44	81	0	103	0	0	0	108	27	25	17	0	32	22	14	6	12	0
LBY	Libya	0	0	0	0	3	15	6	25	12	2	1	1	10	55	126	162	126	183	262	400	402	756	1144	1541	2506	2699	2521	4136	5254	4886	4594	4259	5599	6159	6529	6721	5944	5589	4180	4465	4256	4351	3892	3881	3091	3258	4015	4523	5110	5244	3987	2444	3133	5024	6161	6698	5775
LCA	Saint Lucia	0	0	1	1	1	11	1	0	0	2	1	0	0	0	1	0	0	0	3	0	1	1	1	0	0	1	0	0	1	0	0	0	2	4	19	26	45	37	44	48	13	9	8	23	48	85	173	159	425	618	674	373	496	487	146	124	78
LIE	Liechtenstein	0	1	3	33	19	21	2	0	2	1	0	0	0	0	0	0	0	0	1	1	2	0	2	1	2	8	8	0	4	2	4	6	19	75	123	193	232	205	139	144	125	104	229	289	202	127	54	54	56	25	20	7	21	23	13	25	22
LKA	Sri Lanka	0	0	9	67	36	53	32	56	206	245	142	113	129	531	194	70	66	83	41	437	192	67	45	26	49	57	48	126	74	88	66	46	1233	847	2046	3142	2756	3164	3188	3217	4240	4907	4532	3713	3991	3469	4473	5274	5706	5283	6276	4628	3410	2260	2450	2055	2184
LSO	Lesotho	0	0	0	0	0	0	0	0	0	0	0	1	1	0	2	0	0	20	11	149	175	60	283	40	161	112	36	97	97	145	168	122	120	33	107	13	14	74	44	24	41	100	296	179	481	1997	1168	1285	993	731	472	609	30	32	7	5	151
LTU	Lithuania	1	0	5	63	270	344	243	165	210	93	65	77	76	50	38	58	32	18	18	34	50	86	91	138	154	209	245	201	257	368	631	785	878	1305	2328	5229	7845	10691	11348	13512	14252	17949	19577	19925	17023	13301	8956	6735	5811	4538	3963	3321	3781	4456	3155	3696	4797
LUX	Luxembourg	1	1	49	619	1161	898	541	267	174	101	65	53	60	26	19	28	42	112	259	366	641	706	604	376	270	323	211	271	263	559	515	476	805	957	2380	4283	4672	4125	3831	3647	3608	3738	2973	1481	1206	1329	886	808	950	1124	1027	1243	1328	1186	1207	1452	1510
LVA	Latvia	0	1	25	98	181	204	121	82	92	67	59	67	49	19	21	11	14	4	8	50	16	17	32	50	27	18	48	44	39	51	139	365	577	796	1075	1427	1986	2351	2513	3817	4226	4259	5251	5522	6110	7023	6145	5399	5212	5612	4962	4827	4701	4199	3475	3665	3567
MAF	Saint Martin	0	0	2	2	7	13	8	5	1	0	1	0	1	1	0	1	0	0	1	0	3	3	4	0	56	67	37	26	17	74	37	45	54	65	7	28	38	51	35	0	27	84	117	43	34	30	51	70	88	0	174	89	47	27	31	17	0
MAR	Morocco	0	2	15	79	306	517	626	1140	1212	832	1181	831	665	374	371	541	1147	2038	1945	1720	1473	2630	5370	6992	9010	9795	9244	10104	14275	15381	15425	15987	18613	21070	23550	24623	33101	36026	32751	28726	27050	20859	17629	15336	11579	9496	7228	6904	4922	4275	3169	2813	2462	2564	2658	2831	2895
MCO	Monaco	1	0	1	9	31	24	26	2	0	1	1	0	2	1	0	0	0	4	3	3	0	7	4	11	15	8	0	5	22	23	18	12	11	27	36	63	124	62	36	26	30	31	55	74	104	152	141	151	130	172	108	107	91	66	87	67	81
MDA	Moldova	0	0	12	68	151	521	808	818	926	748	815	1067	1060	1104	1413	1948	2494	2127	1592	1536	1586	2034	2285	2330	2462	3167	3332	3069	3241	3622	4198	5354	5874	4890	4437	4951	5635	7097	7917	9163	9705	10166	8855	6418	4698	3399	3547	3297	3576	4730	5562	6440	8611	9749	9105	10493	11457
MDG	Madagascar	0	0	0	3	23	44	32	18	3	12	58	97	205	270	268	226	251	502	723	1850	2271	2017	2407	1649	802	553	514	478	468	283	237	272	173	108	158	143	0	112	87	31	132	114	0	46	134	0	234	300	442	322	295	238	233	324	1201	919	1149
MDV	Maldives	0	0	10	3	3	3	0	16	142	342	271	288	235	359	229	112	174	118	130	229	266	322	697	949	781	981	918	908	566	597	396	420	394	319	243	238	303	192	424	369	212	189	126	144	216	231	361	459	851	920	1060	896	985	1066	813	897	1030
MEX	Mexico	4	2	35	210	597	1042	2329	3278	6345	8246	11372	13684	18712	21656	26107	29071	32512	37600	39363	43103	43645	46123	49157	41709	41812	38502	35496	37697	34564	30148	32310	31522	56375	32780	39692	38162	36976	41315	29435	68715	66992	73041	72239	63542	66327	80492	106222	122089	104883	68850	62615	49581	45852	41738	38009	29764	31265
MHL	Marshall Islands	0	0	0	0	0	0	0	0	0	0	0	0	0	0	0	0	0	0	0	0	0	0	0	0	0	0	0	0	0	0	0	0	0	0	0	2	0	0	3	0	0	0	0	0	0	0	0	0	0	0	0	0	0	0	0	0	0
MKD	North Macedonia	1	2	11	71	156	242	277	410	197	139	116	140	179	223	751	980	1110	901	1026	1043	1051	908	957	863	899	805	835	705	696	863	926	1119	1953	2646	3193	5178	7210	7280	7569	7092	6588	5714	4924	3476	2364	2361	2599	1722	2047	2081	2273	2159	3451	4350	5275	6629	7494
MLI	Mali	0	0	0	0	18	23	46	129	154	174	148	143	180	235	273	253	157	185	185	103	66	31	32	30	49	85	58	76	83	90	74	90	103	106	93	82	122	192	338	453	403	659	443	410	652	339	258	142	104	91	66	66	73	195	302	408	503
MLT	Malta	0	3	15	55	76	64	157	56	22	20	22	56	63	9	9	19	18	6	2	2	1	11	159	190	313	271	270	167	260	425	259	246	477	805	887	669	997	878	905	787	814	678	520	620	756	1215	1235	1095	1179	855	1075	1111	1457	1997	2051	1637	904
MMR	Myanmar	0	0	0	0	8	13	17	60	48	5	27	4	19	23	16	21	26	9	17	17	10	8	5	6	15	67	308	570	1477	2467	4728	6512	9561	8811	8913	8918	7642	7663	9837	10129	10070	9168	7972	6093	4336	4433	3820	3229	2766	1440	281	150	155	133	113	76	165
MNE	Montenegro	0	0	0	14	70	117	62	44	13	2	2	0	0	0	0	0	35	110	251	444	908	675	451	390	372	353	414	695	1108	1368	2299	1737	1707	1786	1202	1712	4038	4307	3967	3801	3425	3069	2761	2618	2529	3143	3137	2793	3273	3537	3737	3117	3739	3905	3928	3617	2950
MNG	Mongolia	0	0	1	9	2	2	2	15	6	2	3	93	6	38	14	4	9	13	1	10	57	1	5	0	5	0	3	9	1	1	1	0	2	5	18	8	11	71	180	176	65	58	54	160	142	166	88	110	152	244	328	287	269	321	733	845	1887
MOZ	Mozambique	0	0	0	0	8	2	10	15	35	9	8	42	39	76	165	144	135	151	130	166	300	181	291	334	550	513	456	581	699	1497	1220	1292	795	863	1188	974	708	763	641	605	547	679	665	685	806	2393	4501	5766	6077	6407	5023	5833	3804	3359	2165	1768	947
MRT	Mauritania	0	0	1	1	3	1	1	0	0	1	0	32	187	256	464	735	1131	1212	802	448	538	338	168	191	183	201	118	122	140	91	97	55	33	57	56	40	111	134	148	362	901	1421	1498	1238	1161	752	570	358	251	184	173	118	113	113	115	163	169
MSR	Montserrat	0	0	0	1	4	1	3	2	0	0	0	0	0	0	0	0	0	0	0	1	0	0	0	1	0	0	0	0	0	0	0	0	0	0	0	0	0	0	0	0	0	0	0	0	0	0	0	0	0	2	4	1	0	0	0	0	0
MTQ	Martinique	0	2	7	23	61	52	10	3	17	4	7	6	5	3	2	0	34	6	7	6	7	7	0	67	0	0	260	162	181	183	168	253	308	406	0	1295	663	517	0	681	107	33	48	33	457	26	110	143	0	72	79	72	153	140	0	151	227
MUS	Mauritius	0	0	0	14	88	94	123	6	6	3	0	0	0	3	2	0	0	4	0	1	1	1	0	0	2	0	9	1	5	5	1	18	10	22	18	6	12	17	24	7	7	7	9	3	0	12	8	9	13	15	11	8	7	29	100	57	75
MWI	Malawi	0	0	0	0	0	4	8	5	16	5	18	9	17	197	130	120	91	418	575	648	549	643	733	438	402	356	146	83	67	40	48	17	38	31	35	43	18	16	39	22	24	14	90	190	369	1594	3479	6654	5058	3378	2001	1652	1270	600	391	427	242
MYS	Malaysia	3	68	145	945	1137	1163	1047	775	437	434	413	283	313	577	541	142	111	60	42	46	60	120	101	85	105	82	60	74	477	299	602	1319	3008	4531	6115	5806	7809	6852	7470	9497	8183	10887	9723	11931	13473	16186	21536	25360	29206	29060	23084	18467	18043	13462	10632	9304	8929
MYT	Mayotte	0	0	0	7	56	71	62	58	126	159	449	324	209	178	380	203	122	104	153	50	71	80	100	106	51	118	64	73	0	167	0	238	210	41	246	90	184	371	115	145	0	370	157	59	123	342	379	639	981	2524	1947	2663	1496	1279	502	364	300
NAM	Namibia	0	0	2	1	5	6	2	0	0	0	0	0	4	3	6	3	14	90	239	293	535	484	537	578	1105	1631	1578	1398	1090	688	626	654	319	372	316	356	235	279	362	474	665	1319	2168	2961	3256	3069	2475	2015	1619	1012	953	1498	1347	1235	1148	1178	1296
NCL	New Caledonia	0	0	0	4	11	3	1	0	0	0	0	0	0	1	1	1	0	0	0	0	1	0	0	1	0	0	0	3	0	0	1	0	0	0	0	1	1	1	2	0	3	1	1	1	0	2	4	0	3	2	3	3	3	0	33	25	5
NER	Niger	0	0	0	1	9	134	347	148	45	52	79	74	54	13	14	10	55	27	20	17	5	20	16	21	8	7	3	2	1	5	11	6	1	8	6	5	22	59	50	133	305	410	413	445	380	382	313	189	195	82	92	43	7	0	117	61	54
NGA	Nigeria	1	0	1	20	67	125	104	224	640	1206	1763	1470	1905	2329	2378	3449	4126	4269	4090	3820	4120	3870	3560	2603	2630	3135	1822	1178	1272	968	1053	1089	816	1204	623	923	937	1206	1232	1102	1607	3820	5176	5643	5587	9900	9880	11659	9955	8685	6422	5889	3864	2820	2300	1114	838
NIC	Nicaragua	0	0	0	2	2	1	3	1	3	2	2	9	254	480	359	346	359	347	349	327	301	292	233	230	213	196	183	174	150	143	112	97	94	89	81	80	77	70	64	59	54	49	51	53	55	51	55	52	49	46	48	51	47	44	48	45	47
NLD	Netherlands	6	182	772	2675	6138	6888	7816	7190	5612	3049	2146	1489	1195	1195	1080	1306	863	572	475	375	664	1166	2035	3306	4633	3676	3634	4323	7229	11075	16836	23395	36562	51958	61153	70305	53390	38324	37250	34707	37950	53816	73505	77522	60083	52713	40877	37198	30901	27149	24115	26205	32124	31606	35942	44169	51952
NOR	Norway	15	132	943	1028	1897	1535	859	627	463	310	290	138	109	91	94	97	114	104	80	51	51	83	142	346	366	334	312	685	783	779	769	735	1104	903	1380	2582	3912	4191	3918	3194	2527	2730	2779	3096	3588	4653	3526	2358	1990	1860	1739	1923	2511	3720	5254	6562	6107
NPL	Nepal	0	0	0	0	4	4	0	22	18	10	51	182	293	817	1834	2100	3270	3704	3182	1228	783	981	1603	2506	3427	5098	6223	7937	7843	9677	9024	12749	21114	23620	25929	15510	20893	16663	10340	12084	9162	7708	5591	4516	3738	3083	2535	2124	1674	952	808	737	714	590	523	651	921
NZL	New Zealand	1	4	1	46	399	499	362	110	48	18	8	5	5	0	0	0	7	15	7	11	9	3	9	4	53	52	55	43	25	18	18	21	17	15	49	24	23	19	27	22	28	18	20	28	37	38	37	27	23	16	10	20	26	23	24	30	29
OMN	Oman	6	10	3	33	100	125	269	634	725	578	741	1805	2228	3166	5593	6061	6489	8387	8153	9591	10807	9354	4301	2198	1567	845	1236	1375	1957	3416	4154	2678	5544	4167	3541	2597	2733	2275	1918	1219	1750	1340	1350	1271	577	1203	1194	1222	1242	1313	1581	1872	2094	2308	2361	3878	4703
PAK	Pakistan	4	2	47	723	821	1560	2073	3118	4980	6756	10250	9817	14450	14895	29447	33462	44212	26338	22328	23589	14624	9617	5192	5182	4560	4127	3198	2653	3456	4190	4604	4341	4316	4087	4876	6075	9219	13715	17269	21012	21314	21926	18863	14047	15299	15782	16875	13121	12401	9661	8555	8145	8799	10535	14692	21602	27789
PAN	Panama	0	0	36	164	586	887	1301	1236	1328	1552	1192	1167	1128	2441	2986	4055	5163	5436	6325	7349	7929	6603	7519	7268	7014	4815	5857	4968	4736	4560	4507	4545	5013	4441	4408	5083	4908	6803	8268	9876	12454	14678	18999	19140	23040	25008	19497	13582	9602	7011	5228	4345	4408	4032	3164	3024	2832
PER	Peru	0	1	37	280	353	1075	5102	7572	10911	17203	22481	23526	27213	39917	36087	28991	30589	24651	23091	23630	26790	26461	31531	56383	52421	59771	53894	46887	39822	39742	38172	26980	24524	16329	20699	17064	17323	15147	15431	12287	10492	10083	8514	16089	9591	11043	29843	26884	50115	40023	47703	48775	54340	34431	44316	49035	69328
PHL	Philippines	0	3	105	196	768	2019	1334	1659	1207	1634	1682	1695	1472	3447	4116	4052	4008	5403	7027	12392	11082	13108	19820	28653	31033	29331	25882	21439	23293	25597	17796	18074	17596	17412	13481	12910	13232	12376	10515	10945	10272	10262	9713	10961	7911	8881	12894	12988	11837	12005	11734	12033	14959	16891	25473	39445	56386
PNG	Papua New Guinea	0	0	0	1	0	0	1	5	1	0	0	0	0	0	0	0	0	3	0	0	5	23	52	97	99	90	92	35	20	8	16	8	9	32	2	6	8	3	4	41	26	49	40	20	0	31	23	1	16	40	23	56	305	217	327	1266	1575
POL	Poland	0	5	98	433	1102	1989	2729	2386	2531	2102	2276	2606	2674	2640	2415	3031	2603	2094	2005	1802	2225	2876	3724	4821	4923	5091	5058	4148	3263	4680	7650	12160	23498	45592	74716	120785	158909	169478	152357	130118	80680	72427	67410	59847	58823	63609	53223	41267	37795	36856	38091	48106	65158	84460	108015	147340	185025
PRT	Portugal	0	20	149	1111	3890	5354	5463	3698	3707	1959	2216	1404	1661	1732	2148	2112	2378	2348	2380	2652	2169	1565	1355	1227	1444	1471	1996	2495	3367	4715	4914	5308	7327	12481	18054	25170	32261	37726	44704	34736	27934	26060	26087	22209	30874	52317	63229	85053	86549	50888	22173	12260	7505	5568	4304	3364	2962
PRY	Paraguay	0	0	6	12	38	40	37	69	26	142	319	89	72	114	126	171	101	580	443	435	809	699	1157	1220	2676	3593	3500	5397	5453	5691	4907	5530	5526	5037	5028	4142	3756	4124	4792	5274	6082	5700	6244	5005	4556	6308	6622	5433	5467	5055	5840	7288	7806	8432	12103	13527	13998
PSE	Palestine	0	16	19	13	50	119	51	45	29	11	22	1	47	24	17	25	295	1031	2020	2096	2273	2102	1854	1768	2225	2323	3192	3907	4331	5097	3250	2825	2867	2801	3243	3531	4137	4510	8087	11636	14208	12001	13117	10688	8383	6414	4868	3437	3553	3470	4771	5515	9594	12639	12888	13955	13357
PYF	French Polynesia	0	0	3	12	15	10	11	4	2	1	2	0	0	0	0	0	0	0	2	0	0	0	0	7	97	45	271	212	259	318	308	385	790	1043	2000	1465	2733	1711	1272	1118	1011	511	564	368	376	315	394	217	208	125	78	83	41	72	68	49	31
QAT	Qatar	1	7	329	144	109	735	1403	2280	4350	5514	6459	9641	11241	13049	11933	11221	8072	7175	5520	3945	3180	2728	1875	1739	2159	1956	1642	1457	1659	1623	1704	1489	1439	1449	1738	1591	1457	1557	1492	1415	1306	1044	1031	1045	1337	1432	1417	1683	2212	2706	3114	3163	3230	3278	3292	3439	3929
REU	Reunion	0	0	6	39	138	151	54	19	10	6	9	12	9	19	9	9	17	15	16	41	47	33	7	17	135	301	440	558	608	471	491	493	313	285	373	510	605	617	620	439	260	145	359	205	128	210	196	258	295	491	420	655	854	709	676	830	930
ROU	Romania	3	6	114	244	1085	2161	2377	2428	2217	2097	2399	1573	1153	1276	1157	1389	2051	2292	2560	3497	4612	6987	8433	8512	8751	8170	8289	8031	8522	9164	9685	12830	18338	24065	29325	35546	55660	56186	59623	53174	42363	43555	36044	25816	23635	30807	23286	17706	17724	16425	16748	17185	21888	25831	30331	37522	39331
RUS	Russia	0	11	46	247	958	3467	8853	23209	37795	49466	74622	73367	63839	60693	61527	61356	56704	50617	46785	45885	44766	41117	38558	36673	35245	33723	33042	34558	36532	39252	45594	60154	79582	97775	111240	119007	133905	147664	159727	175937	186962	191586	190567	199508	187775	164277	163026	151246	131818	117388	104885	92886	81742	76619	67611	66420	62532
RWA	Rwanda	0	0	1	16	43	42	18	24	39	72	25	9	36	34	72	110	161	176	214	207	240	213	290	92	218	537	954	506	216	124	122	41	40	79	89	77	76	181	226	271	193	444	704	585	750	894	1389	1797	2471	1219	930	721	802	719	634	618	609
SAU	Saudi Arabia	0	5	98	289	811	976	1854	4241	8025	9160	11677	14880	18145	13223	15485	24439	30925	24271	27425	23551	18936	16557	12505	9784	10053	9055	7541	6021	5118	4221	3519	3207	2947	2910	2698	2730	2947	2721	2084	1877	1615	1223	1099	1218	913	713	1061	1432	1628	2148	2449	2281	2370	2413	2585	2594	3141
SDN	Sudan	0	0	1	1	3	5	9	47	147	320	578	853	1414	1143	1345	1013	1537	841	432	515	323	775	342	250	420	522	353	218	125	23	51	52	24	18	33	71	286	536	1426	1575	1841	1918	1604	1598	1294	397	1900	343	769	343	299	195	188	163	394	116	418
SEN	Senegal	0	4	6	37	83	89	59	72	264	501	519	795	547	559	714	747	787	676	813	742	655	883	732	719	1029	818	606	492	289	451	181	199	176	148	151	73	77	86	86	162	370	664	609	853	988	1489	1738	1721	1754	2276	2152	1989	1625	1377	1094	967	763
SGP	Singapore	17	36	74	220	370	387	1110	3693	6701	4855	4912	4896	3712	3298	3161	2670	1636	1413	1418	1119	1872	2233	2624	2417	732	605	451	265	375	201	127	115	66	38	61	50	39	62	32	57	50	58	90	116	143	203	218	177	247	168	111	72	67	95	68	96	104
SHN	Saint Helena, Ascension and Tristan da Cunha	0	0	0	1	0	0	0	0	0	0	0	0	0	0	0	0	0	0	0	0	0	0	0	0	0	0	0	0	2	0	0	0	0	0	0	0	0	0	1	0	0	0	0	1	0	0	0	0	0	0	0	0	0	0	0	0	0
SLB	Solomon Islands	0	0	0	0	0	0	0	0	0	0	0	0	0	0	0	0	0	0	0	0	0	0	0	0	0	0	0	0	0	0	0	0	0	3	1	4	5	3	0	1	0	0	0	0	0	0	0	0	0	0	1	0	0	0	0	0	0
SLE	Sierra Leone	0	0	0	0	0	4	4	22	52	73	136	171	159	231	94	186	177	101	123	85	83	67	55	72	59	26	39	22	55	63	49	51	41	27	18	21	15	10	14	5	10	20	57	52	97	157	167	150	408	244	49	28	38	31	19	11	14
SLV	El Salvador	0	0	0	3	16	37	62	72	84	172	338	481	554	576	539	669	872	1252	1780	1884	2117	2713	2829	2928	2641	1801	1117	669	645	577	1294	728	712	1386	1129	1241	1319	1213	1046	1182	1344	1464	1801	1697	1911	1771	2210	2165	1774	1514	1401	1265	1118	1080	985	1102	980
SMR	San Marino	1	22	57	64	80	35	97	99	58	67	57	25	12	6	9	14	2	2	0	1	0	0	0	0	0	5	6	25	6	1	4	5	9	18	60	109	115	210	142	191	203	143	175	124	197	200	150	96	122	131	151	194	244	206	204	230	247
SOM	Somalia	0	0	0	1	2	4	14	114	255	281	326	360	237	322	373	290	176	123	83	90	60	67	34	15	23	19	41	22	44	25	187	5	254	17	33	44	288	72	81	69	74	54	83	28	24	12	18	10	30	70	238	797	1102	1050	905	1022	870
SPM	Saint Pierre and Miquelon	0	0	0	0	0	0	1	0	0	0	0	0	0	0	0	0	0	0	0	1	2	0	0	0	0	1	0	0	6	0	5	0	0	0	0	0	0	0	0	0	0	0	0	1	1	0	0	0	8	0	0	0	0	0	0	0	0
SRB	Kosovo	0	0	2	22	64	47	115	230	223	110	49	93	70	39	94	226	614	496	684	1334	1105	1300	1637	1505	1216	1062	878	812	539	436	423	333	372	624	1003	1571	3606	4917	5737	4843	3906	3781	2564	1723	1097	1762	1871	2182	2329	2042	2117	1645	3001	4149	3470	4225	3877
SRB	Serbia	0	1	45	125	488	965	1756	2614	1785	1583	670	464	596	289	360	510	552	989	2037	2244	2425	2354	3030	1981	1608	1077	734	567	451	540	472	530	843	1261	2926	8082	13681	20451	35039	46910	50808	47594	35091	26839	18537	14221	15091	11069	11612	12455	13141	14629	22328	25947	29654	34845	34721
SSD	South Sudan	0	0	0	0	0	0	4	0	1	40	75	116	419	339	0	699	189	60	79	0	170	67	94	111	25	9	22	25	34	64	34	39	46	56	61	27	38	60	44	57	62	40	22	227	103	31	81	118	141	426	955	1107	1354	906	752	420	230
STP	Sao Tome and Principe	0	0	0	0	0	0	4	0	0	12	192	27	16	228	20	160	39	15	6	8	16	119	12	4	7	7	3	3	8	2	3	2	9	10	8	5	17	2	15	10	10	10	3	2	10	42	64	58	68	95	131	96	208	158	134	64	68
SUR	Suriname	0	0	1	3	4	2	0	0	0	0	0	0	1	3	86	96	107	164	98	176	260	380	379	546	655	608	385	366	259	130	122	93	111	88	43	37	31	40	21	17	12	16	171	427	405	605	521	531	403	247	144	62	63	52	51	39	34
SVK	Slovakia	0	1	43	134	114	179	257	361	284	34	48	38	11	17	7	17	41	71	92	144	83	165	196	229	289	461	526	684	927	1093	2054	3721	6476	9471	12533	16863	16003	11900	9690	9375	10830	15332	18481	17374	19595	18992	17516	11819	13619	13584	14460	14223	15811	15836	14131	11709	9041
SVN	Slovenia	0	7	174	202	301	293	211	129	71	51	15	11	3	5	11	8	27	53	107	148	113	126	105	76	154	216	217	288	481	706	882	1139	1922	4164	8858	13033	9963	9852	10162	9973	10518	10706	9532	9171	10159	14175	10038	8737	8594	7314	5947	5204	5275	5459	4768	5655	6531
SWE	Sweden	13	165	815	874	1795	3169	3616	3827	4288	3869	4136	3893	3710	4225	5828	7185	7188	7375	4394	2407	1662	1384	1560	1980	2062	1693	844	1027	1520	1732	2686	3360	4168	4749	7394	13761	22106	30894	30940	34834	35783	41186	47022	28928	41331	52092	34015	23680	19791	21105	20349	22755	26143	27652	27566	31745	35746
SWZ	Eswatini	0	0	1	0	8	0	3	10	34	52	55	39	36	45	39	164	141	118	209	357	418	413	564	422	617	444	321	309	231	195	174	111	130	105	82	70	72	104	112	201	89	219	591	1062	1344	1469	1556	1594	1336	515	307	276	238	171	61	49	35
SYC	Seychelles	0	0	2	5	1	2	1	0	0	0	0	0	0	0	0	0	0	9	61	19	8	6	0	12	1	5	4	0	3	2	2	3	2	1	4	0	5	2	3	10	11	3	15	3	80	223	188	337	153	318	388	436	264	387	194	597	226
SYR	Syria	0	0	0	0	5	11	9	13	4	2	3	4	19	52	3	45	28	58	82	56	102	131	153	345	468	550	485	476	402	259	273	291	344	360	326	369	419	466	541	561	605	721	1009	882	684	658	668	615	441	410	412	323	390	392	476	839	1116
TCA	Turks and Caicos Islands	0	0	0	0	4	2	3	3	0	1	0	0	0	0	0	0	0	4	29	26	4	17	22	56	128	85	107	108	43	27	13	14	1	2	3	2	4	13	26	2	8	13	20	55	65	85	85	165	215	195	215	159	71	78	23	90	35
TCD	Chad	0	0	0	1	2	6	2	22	13	71	205	152	174	111	77	12	10	7	6	3	15	26	21	6	10	30	26	26	49	66	28	37	77	74	69	49	60	48	42	30	59	29	116	119	183	341	345	282	210	126	149	172	179	188	127	122	91
TGO	Togo	0	1	0	15	9	16	35	8	12	27	30	145	75	60	54	43	31	54	61	34	64	79	105	88	84	145	115	87	78	104	77	104	95	114	138	144	152	168	178	117	105	170	175	159	128	249	340	364	405	395	387	445	583	670	432	886	837
THA	Thailand	7	8	32	329	834	822	451	215	174	59	38	21	15	37	27	30	13	15	23	31	30	38	30	36	28	14	21	27	28	34	23	62	51	50	57	48	53	37	48	67	109	123	698	1234	1553	2604	1756	1248	5480	4589	1034	918	628	354	452	956	944
TJK	Tajikistan	0	0	0	0	0	0	0	0	0	76	536	710	1416	1069	646	518	428	400	360	347	328	316	301	255	323	248	239	241	257	289	302	290	285	275	281	281	277	279	281	264	271	235	299	249	128	5	3	0	0	0	0	0	0	0	0	0	0
TLS	Timor-Leste	0	0	0	0	1	0	1	16	6	0	0	0	0	0	0	0	0	0	0	0	0	0	0	1	0	1	1	0	0	0	0	1	0	1	0	1	0	0	0	0	1	0	0	10	3	5	3	12	6	10	21	2	8	8	59	93	209
TTO	Trinidad and Tobago	0	0	2	47	25	29	9	2	1	1	0	0	0	1	0	0	6	3	4	3	4	10	26	102	222	433	715	585	763	860	459	403	328	238	222	189	146	239	247	306	121	113	110	130	58	82	126	92	80	70	30	34	29	27	37	70	115
TUN	Tunisia	0	1	17	42	218	275	132	179	75	70	23	5	11	28	11	7	62	12	18	59	103	95	109	126	345	715	834	1204	1859	2475	5282	6552	10315	9283	8257	11014	9730	9796	8132	7509	8011	7402	8758	11079	11749	15535	19717	18083	12154	8708	6328	5139	4972	4413	4229	4148	4298
TUR	Turkey	0	0	5	665	6732	16532	28233	30162	25444	16602	12740	10952	7619	7417	6115	7459	9816	9390	8727	7371	6736	6456	6696	7753	8495	8915	10032	11164	11407	11713	11618	10048	11017	11647	14106	15583	16372	19316	29750	137542	219546	1011916	194476	129088	98662	85083	63547	43663	46573	53885	55110	51980	61288	76066	96782	126682	186421
TWN	Taiwan	13	6	8	100	130	72	30	13	31	3	8	0	1	1	1	0	3	1	2	2	0	7	16	6	5	5	1	4	6	8	4	7	10	8	15	5	18	27	11	37	46	39	30	20	25	20	23	33	25	15	13	5	12	13	17	21	15
TZA	Tanzania	0	0	0	6	8	6	12	115	152	181	29	0	0	0	0	0	0	0	0	0	0	0	0	0	0	0	0	0	0	0	0	0	0	0	0	0	0	0	0	0	0	0	0	0	0	0	0	0	0	0	0	0	0	0	0	0	0
UGA	Uganda	0	0	0	1	29	18	5	3	20	13	28	111	75	215	180	101	69	85	79	86	49	41	73	91	167	732	681	692	1164	1314	1347	1298	1039	754	842	1198	1571	1723	1878	2277	2244	4883	3631	2861	2149	1842	531	959	489	288	198	180	136	117	92	107	116
UKR	Ukraine	0	1	2	44	309	869	1286	2595	3019	3286	3299	3148	2722	2624	3897	4076	5438	6317	5696	5313	5392	5984	7292	8925	10261	13542	14414	17215	18592	21490	23518	27595	34944	38751	45461	52013	65268	75995	89257	98984	94151	85854	74098	66780	52539	42687	47171	35609	30370	26966	28150	33318	43043	52887	58416	84099	97555
URY	Uruguay	0	0	6	129	168	97	101	37	79	56	50	31	31	57	24	2	12	65	31	31	58	130	104	57	99	87	49	99	111	124	94	124	146	233	306	317	317	516	607	947	1454	2215	3377	3661	4057	4699	6695	5298	4214	3631	3647	3704	5199	5648	7123	9790	15355
USA	US	9	378	2575	23047	98988	196489	222727	199396	207038	192697	176921	157148	154998	147383	145959	148244	181868	257899	333953	405216	464133	464320	442263	377095	361021	304165	291234	290421	241032	283931	309331	302780	341395	390550	483351	565815	806760	1035932	1205468	1156103	1363758	1512076	1521755	1332900	1454084	1718098	1565751	1236381	1062338	846725	663352	472852	479817	426542	378557	385636	433662
UZB	Uzbekistan	0	0	0	43	61	162	501	723	372	256	231	389	377	431	548	872	1187	1529	2026	2805	3673	3766	4831	4869	4876	4004	2535	2226	3428	4271	3827	3419	2538	2033	2114	2009	1435	1620	1444	1287	1033	1060	995	860	516	348	438	349	394	334	336	251	204	289	356	858	807
VAT	Holy See	0	1	0	0	5	1	1	0	1	2	1	0	0	0	0	0	0	0	0	0	0	0	0	0	0	0	0	0	0	0	0	0	0	15	0	0	0	0	0	0	0	0	0	0	0	0	0	0	0	0	0	0	0	0	0	0	0
VCT	Saint Vincent and the Grenadines	0	0	1	0	0	6	5	0	2	2	1	0	1	8	0	1	2	0	0	0	9	14	2	2	1	1	2	1	3	0	0	0	0	3	6	1	2	2	6	1	2	7	6	9	13	103	225	270	176	306	216	80	58	89	35	16	27
VEN	Venezuela	0	0	2	68	49	36	20	52	96	22	57	102	506	449	857	588	885	1341	1620	2428	2305	3446	4514	5518	7646	6350	5989	7219	7465	6319	5991	5706	4807	3836	2853	2871	2685	2235	2502	2325	2417	3000	2604	2170	2132	2089	3134	3939	3078	3320	3100	2860	3136	3146	3494	4927	5357
VGB	British Virgin Islands	0	0	0	0	2	1	0	1	2	0	1	1	0	0	0	0	0	0	0	0	0	0	0	1	0	12	14	28	3	3	2	0	0	0	0	0	0	0	0	0	1	4	10	0	0	28	0	0	0	0	0	0	39	0	0	0	0
VNM	Vietnam	0	2	35	41	80	66	18	10	2	0	18	30	7	3	1	5	15	6	0	15	12	35	173	222	139	63	26	9	11	8	1	27	11	19	34	20	33	52	41	35	24	30	16	29	42	31	24	11	219	218	210	173	64	69	52	19	14
VUT	Vanuatu	0	0	0	0	0	0	0	0	0	0	0	0	0	0	0	0	0	0	0	0	0	0	0	0	0	0	0	0	0	0	0	0	0	0	0	0	0	1	0	0	0	0	0	0	0	0	0	0	0	0	0	0	0	0	2	0	0
WLF	Wallis and Futuna	0	0	0	0	0	0	0	0	0	0	0	0	0	0	0	0	0	0	0	0	0	0	0	0	0	0	0	0	0	0	0	0	0	0	0	0	0	0	0	0	0	0	0	0	0	4	0	0	1	0	4	0	0	0	167	126	65
WSM	Samoa	0	0	0	0	0	0	0	0	0	0	0	0	0	0	0	0	0	0	0	0	0	0	0	0	0	0	0	0	0	0	0	0	0	0	0	0	0	0	1	1	0	0	0	0	0	0	0	0	0	0	0	1	0	0	0	0	0
YEM	Yemen	0	0	0	0	0	0	1	0	0	9	24	88	90	98	172	223	217	181	145	141	192	93	56	67	62	49	39	37	26	17	4	11	10	4	5	3	0	5	1	5	3	6	4	5	9	3	8	6	2	7	9	21	112	175	327	507	691
ZAF	South Africa	0	1	37	202	947	398	443	1006	1327	1975	3084	4935	6988	9624	15006	19763	26945	39119	56177	76207	86695	83321	69090	49898	30465	23392	15506	14333	11330	11442	9842	10218	11180	11235	12115	11206	10454	13276	16227	19730	25310	42516	59512	82434	93978	125287	111483	79180	44397	24464	16363	12304	9858	7981	8208	8387	7665
ZMB	Zambia	0	0	0	2	26	11	1	17	27	35	133	427	241	137	32	268	73	101	101	263	1085	1348	1900	1675	1283	1645	1071	807	757	604	542	362	441	374	328	315	476	189	297	195	309	319	403	1051	1559	5337	9507	8518	8760	8075	7027	5440	4308	3809	2463	1799	1310
ZWE	Zimbabwe	0	0	0	3	4	2	5	11	6	9	1	7	14	118	105	77	123	88	131	284	496	956	1225	916	601	717	513	431	671	164	131	82	125	100	159	98	131	288	386	650	795	602	932	812	1528	6008	6382	4126	2266	1214	617	664	290	202	211	191	156
