code	country_exposure	2020_EW09	2020_EW10	2020_EW11	2020_EW12	2020_EW13	2020_EW14	2020_EW15	2020_EW16	2020_EW17	2020_EW18	2020_EW19	2020_EW20	2020_EW21	2020_EW22	2020_EW23	2020_EW24	2020_EW25	2020_EW26	2020_EW27	2020_EW28	2020_EW29	2020_EW30	2020_EW31	2020_EW32	2020_EW33	2020_EW34	2020_EW35	2020_EW36	2020_EW37	2020_EW38	2020_EW39	2020_EW40	2020_EW41	2020_EW42	2020_EW43	2020_EW44	2020_EW45	2020_EW46	2020_EW47	2020_EW48	2020_EW49	2020_EW50	2020_EW51	2020_EW52	2020_EW53	2021_EW01	2021_EW02	2021_EW03	2021_EW04	2021_EW05	2021_EW06	2021_EW07	2021_EW08	2021_EW09	2021_EW10	2021_EW11	2021_EW12
ABW	Aruba	0	0	1	4	1	0	0	0	0	0	0	0	0	0	0	0	0	0	0	0	0	0	0	4	0	0	1	0	0	0	0	0	0	0	0	0	0	0	0	0	0	0	0	0	0	0	10	16	74	40	75	74	67	53	73	27	34
AFG	Afghanistan	0	0	0	0	0	0	0	0	0	0	0	0	0	2	2	3	1	0	1	0	0	0	0	0	0	0	0	0	0	0	0	0	0	0	0	0	1	0	0	0	0	0	0	0	0	0	0	9	0	0	1	0	0	0	0	0	1
AGO	Angola	0	0	0	0	0	0	0	0	0	0	0	0	0	0	0	0	0	3	0	0	0	0	0	0	0	0	0	0	0	0	0	0	0	0	0	0	0	0	0	0	0	6	0	0	4	16	25	27	25	9	12	17	19	13	7	0	0
ALB	Albania	0	0	0	0	0	0	0	0	0	0	0	0	0	0	0	0	0	0	0	0	0	0	0	0	0	0	0	1	0	0	0	0	0	0	0	0	0	0	0	0	0	2	1	0	3	3	4	4	8	1	0	0	0	1	2	0	0
AND	Andorra	0	0	1	0	0	0	0	0	0	0	0	0	0	0	0	0	0	0	0	0	0	0	0	0	0	0	0	0	0	0	0	0	0	0	0	0	0	0	0	0	0	0	0	0	0	0	0	0	0	0	0	0	0	0	0	0	0
ARE	United Arab Emirates	12	0	11	9	5	16	5	14	23	61	77	337	557	6	8	100	11	96	43	17	7	0	0	1	4	9	56	7	12	20	23	62	1	14	47	21	1	0	48	35	5	2	0	21	55	4	7	10	12	16	7	3	10	6	0	5	2
ARG	Argentina	0	2	3	7	29	34	31	34	38	65	80	86	91	34	17	23	35	20	29	32	43	35	35	38	52	44	61	39	3	19	23	14	14	47	42	18	21	16	31	20	12	19	34	15	11	8	3	7	13	9	16	16	8	20	30	66	54
ARM	Armenia	0	0	0	0	0	0	0	0	0	0	0	0	0	0	0	0	0	0	0	0	0	0	11	5	3	8	6	8	4	0	0	0	0	0	0	0	0	0	0	0	0	0	0	0	0	0	0	12	12	0	0	0	0	0	0	12	0
ATG	Antigua and Barbuda	0	0	0	0	0	0	0	0	0	0	0	0	0	0	0	0	0	0	0	0	0	0	0	0	0	0	0	0	0	0	0	0	0	0	0	1	0	0	0	0	0	0	0	0	0	0	0	0	0	0	0	0	0	0	0	0	0
AUS	Australia	9	38	161	645	1112	571	344	189	58	66	64	63	41	71	27	59	104	234	474	967	1593	1954	1924	1626	1116	1036	706	421	268	212	91	37	42	50	66	30	20	32	29	17	30	27	99	68	120	53	57	41	23	20	28	18	25	37	57	50	55
AUT	Austria	7	68	137	167	164	118	57	40	27	20	15	24	14	3	1	0	1	0	2	0	8	10	2	10	11	15	20	14	16	15	23	5	18	43	40	49	131	115	19	83	47	8	31	47	220	131	200	86	235	121	233	160	131	294	318	227	228
AZE	Azerbaijan	0	0	0	0	0	0	0	0	0	0	0	0	0	0	0	0	0	0	0	0	0	0	0	0	0	0	0	0	0	0	0	0	0	0	0	0	0	0	0	0	0	1	0	0	2	6	0	1	0	2	1	0	0	1	0	0	0
BEL	Belgium	1	108	48	96	261	211	213	108	47	68	54	49	21	5	6	8	30	11	27	19	18	62	80	103	32	30	23	31	54	136	109	15	111	62	270	155	37	139	100	75	64	100	235	64	157	288	498	843	844	960	721	1021	1170	1027	1248	1214	1303
BEN	Benin	0	0	0	2	0	1	1	0	0	0	0	0	0	0	0	0	0	0	0	0	0	0	0	0	0	0	0	0	0	0	0	0	0	0	0	0	0	0	0	0	0	0	0	0	0	0	0	0	0	0	0	0	0	0	0	0	0
BES	Bonaire	0	0	0	0	0	0	0	0	0	0	0	0	0	0	0	0	0	0	0	0	0	0	0	0	0	0	0	0	0	0	0	0	0	0	0	0	0	0	0	0	0	0	0	0	0	0	0	0	0	2	6	12	9	29	25	18	24
BFA	Burkina Faso	0	0	0	1	0	0	0	0	0	0	1	1	0	0	0	0	0	6	2	0	0	3	0	1	13	1	3	3	18	11	8	2	6	1	5	3	3	1	0	0	2	9	5	15	13	11	15	11	8	9	5	3	0	0	0	0	0
BGD	Bangladesh	0	1	2	4	5	1	10	8	5	76	16	24	40	23	38	33	87	25	115	63	59	61	13	3	11	4	13	6	8	4	3	1	15	7	4	12	13	9	15	12	39	20	9	34	19	20	13	46	29	12	12	22	10	5	15	140	55
BGR	Bulgaria	0	0	1	1	0	2	0	1	3	3	1	2	1	0	0	0	0	0	0	1	0	0	1	4	2	2	1	2	3	2	2	2	0	1	1	4	0	3	4	1	6	22	28	14	23	50	39	59	80	133	128	124	143	236	275	210	275
BHR	Bahrain	0	1	4	4	0	5	13	0	0	0	0	0	0	0	1	0	1	11	0	1	0	2	1	0	0	1	2	0	2	2	0	1	1	53	0	2	4	16	18	4	0	0	0	0	0	0	0	1	3	0	2	0	0	1	0	4	4
BHS	Bahamas	0	0	0	0	0	2	0	0	2	0	0	0	0	0	0	0	0	0	0	0	0	0	1	2	0	0	1	2	0	0	0	0	0	0	1	1	7	3	2	1	0	0	0	0	0	0	0	2	1	0	0	0	0	0	0	0	0
BIH	Bosnia and Herzegovina	0	0	0	10	9	5	2	0	2	1	0	0	0	2	0	0	0	0	0	0	1	0	0	0	0	2	0	1	0	1	0	0	1	0	0	1	1	0	2	1	2	0	1	1	0	3	10	4	1	2	9	3	4	5	11	2	0
BLM	Saint Barthélemy	1	0	1	0	0	0	0	0	0	0	0	0	0	0	0	0	0	0	0	0	0	0	0	0	0	0	0	0	0	0	0	0	0	0	0	0	0	0	0	0	0	0	0	0	0	0	0	0	0	0	0	0	0	0	0	0	0
BLR	Belarus	0	0	0	0	0	0	0	0	1	0	0	0	0	0	0	0	0	0	0	1	0	0	1	0	0	0	0	0	0	0	0	0	0	2	4	10	10	1	1	2	1	1	0	0	0	0	0	1	1	0	0	0	4	0	0	0	2
BLZ	Belize	0	1	0	1	1	0	1	0	0	0	0	0	0	0	0	0	0	0	0	0	0	0	0	0	4	0	1	0	0	1	1	0	4	0	5	1	1	0	0	0	0	1	6	5	8	8	1	1	0	0	0	0	0	0	0	0	0
BMU	Bermuda	0	0	0	0	0	0	0	0	0	0	0	0	0	0	0	0	0	0	0	0	0	0	0	0	0	0	0	0	0	0	0	0	0	0	0	9	6	9	6	0	0	0	0	0	0	0	0	0	0	0	0	0	0	0	0	0	0
BOL	Bolivia	0	0	1	0	0	1	0	0	2	4	2	8	0	0	0	0	0	0	2	0	1	0	0	2	4	0	0	0	0	0	0	0	0	0	0	0	0	0	0	0	0	0	0	0	0	0	0	0	4	5	1	4	1	0	0	1	9
BRA	Brazil	4	13	55	174	190	228	202	271	284	174	118	85	64	69	100	53	67	80	118	59	32	52	80	49	89	53	37	46	28	48	46	54	43	40	45	81	91	80	97	190	119	138	141	170	129	263	232	253	239	247	311	227	375	366	450	341	1133
BRB	Barbados	0	0	0	0	0	0	0	0	0	0	0	0	0	0	0	0	0	0	0	0	0	0	0	0	0	0	0	0	0	0	0	0	0	0	0	0	0	0	0	0	0	0	0	1	3	1	0	0	0	0	0	0	0	0	0	0	0
BRN	Brunei	0	0	3	2	0	0	0	0	0	0	0	0	0	0	0	0	0	0	0	0	0	0	0	0	0	0	0	0	0	0	0	0	0	0	0	0	0	0	0	0	0	0	0	0	2	0	0	1	2	0	0	0	0	0	0	0	0
BWA	Botswana	0	0	0	0	1	0	3	2	0	0	0	0	0	0	0	0	0	0	0	0	0	0	0	0	0	0	0	0	1	0	4	9	3	5	1	4	2	5	3	5	5	7	8	8	6	6	4	44	15	5	8	3	0	2	21	20	4
CAN	Canada	1	13	151	519	1380	987	824	1046	720	439	381	324	214	101	59	53	68	43	53	80	59	133	144	243	284	288	362	399	251	336	343	365	357	407	314	251	476	779	532	1197	539	441	622	476	606	518	750	947	366	280	702	742	716	857	897	647	1087
CHE	Switzerland	22	79	325	461	225	199	124	58	44	82	30	12	12	11	16	11	14	29	56	92	72	84	63	79	98	112	187	119	175	14	40	165	271	468	482	442	951	1228	578	660	760	681	1595	1379	1766	1739	1772	1776	1451	1240	855	831	929	987	1191	1227	1200
CHL	Chile	0	8	41	99	69	62	21	15	35	78	22	71	20	36	45	3	5	45	16	3	30	27	11	9	15	49	13	38	20	8	26	30	46	37	7	14	0	13	4	1	4	11	17	41	40	38	38	13	19	23	26	30	37	26	46	75	83
CHN	China	71	58	21	49	18	2	1	5	3	0	0	0	0	3	5	4	0	0	0	0	3	4	1	0	0	1	7	0	0	2	9	1	1	0	0	1	0	0	0	0	0	0	5	2	3	13	2	2	0	0	0	0	0	0	0	2	0
CIV	Côte d'Ivoire	0	0	0	0	0	0	0	0	0	0	0	0	0	3	2	8	11	3	11	4	6	7	7	2	2	5	2	2	2	2	1	0	1	0	2	0	0	0	0	0	0	0	1	6	1	1	10	6	0	5	13	8	9	5	2	0	0
CMR	Cameroon	0	1	0	1	3	2	1	2	1	0	4	8	0	0	0	3	1	0	0	0	0	1	0	0	2	0	0	0	0	0	0	0	0	0	1	3	0	1	6	0	2	1	3	4	20	6	13	10	12	37	12	10	2	23	0	0	1
COD	Democratic Republic of the Congo	0	0	3	22	14	1	25	35	41	50	37	30	40	59	5	1	0	0	0	0	0	0	0	0	0	0	0	0	0	0	0	0	0	0	0	0	0	0	0	0	0	0	0	0	0	0	2	1	2	0	0	3	4	1	1	0	3
COG	Republic of the Congo	0	0	0	0	0	0	0	0	0	0	0	0	0	0	3	0	0	2	2	0	0	0	0	0	0	0	0	0	0	0	0	0	0	0	0	0	0	0	0	0	2	7	8	8	7	10	0	4	5	7	12	15	23	10	0	0	0
COL	Colombia	0	1	19	23	25	73	13	18	16	30	54	1	1	3	5	2	11	16	7	12	10	3	3	11	2	4	1	1	11	0	3	0	18	2	5	4	3	5	3	7	11	6	20	25	62	38	49	43	15	7	3	7	15	46	40	34	45
COM	Union of the Comoros	0	0	0	0	0	0	0	0	0	0	0	0	0	0	0	0	0	0	0	0	0	0	0	0	0	0	0	0	0	0	0	0	0	0	0	0	0	0	0	0	0	0	0	0	0	3	3	0	0	0	0	0	0	0	0	0	0
CRI	Costa Rica	0	4	7	17	4	4	0	0	0	0	0	0	0	1	7	4	9	0	16	10	9	11	3	7	7	3	0	4	3	3	3	5	4	3	4	2	6	1	9	5	4	5	8	11	25	8	15	9	16	6	10	11	24	28	34	31	18
CUB	Cuba	0	0	0	1	1	0	0	0	0	0	0	0	0	0	0	0	0	0	0	0	0	0	0	0	0	0	0	0	0	0	0	0	0	0	0	0	0	0	0	0	0	0	0	0	0	0	0	0	0	0	0	0	0	0	0	0	1
CYP	Cyprus	0	0	1	0	3	1	1	1	0	1	1	1	0	0	0	1	0	0	0	1	2	1	2	4	4	5	2	2	0	3	4	7	5	3	5	5	6	6	2	0	0	0	0	0	29	0	0	8	16	0	0	1	0	0	0	0	0
CZE	Czech Republic	1	2	11	47	70	45	18	14	6	4	3	4	4	5	1	3	2	2	0	4	5	12	11	20	6	7	3	7	4	16	7	32	40	26	36	31	27	9	9	5	3	9	6	8	13	100	36	54	77	189	320	289	255	174	200	216	78
DEU	Germany	18	141	300	623	584	222	161	139	107	71	30	35	61	37	31	28	227	148	30	21	17	17	35	40	79	100	89	46	59	105	189	151	158	185	153	216	237	226	279	301	352	464	372	359	258	463	993	1953	2920	3167	4010	4906	5303	5787	6720	7412	8023
DJI	Djibouti	0	0	0	0	0	0	0	0	0	0	0	0	0	0	0	0	0	0	0	0	0	0	0	0	0	0	0	0	0	0	0	0	0	0	0	0	0	0	0	0	0	0	0	0	0	0	0	0	0	0	0	0	0	0	0	0	1
DNK	Denmark	2	25	421	171	279	225	60	99	150	84	76	75	59	65	57	94	75	35	25	33	67	75	77	36	395	307	282	708	269	773	871	439	398	1155	400	1495	1569	1272	1842	2196	2828	4266	5006	3687	3914	4137	4382	3688	2544	2211	1967	2411	2673	2688	2958	3364	3687
DOM	Dominican Republic	1	2	0	0	0	0	0	0	0	0	5	0	0	0	0	0	0	0	0	0	0	0	0	0	0	0	0	0	0	0	0	0	0	0	0	0	0	0	1	0	0	0	0	0	1	1	0	0	0	0	1	0	0	2	18	17	2
DZA	Algeria	0	2	1	0	0	0	0	0	0	0	0	0	0	0	0	1	8	3	1	0	1	0	0	0	0	0	0	0	0	0	0	0	0	0	0	0	0	0	0	0	0	0	0	0	0	0	0	0	0	0	0	0	0	0	0	0	0
ECU	Ecuador	0	0	1	3	6	11	3	8	2	4	3	0	3	7	2	0	3	1	16	0	3	4	2	7	18	8	1	3	11	2	1	7	6	4	1	6	0	1	0	1	5	10	2	1	9	12	10	2	0	0	0	1	0	5	8	9	1
EGY	Egypt	0	1	14	7	3	3	2	2	0	32	7	16	7	22	73	22	34	28	48	7	13	19	10	12	15	25	2	1	5	2	1	10	5	4	5	5	1	0	13	1	1	0	0	50	0	85	2	0	0	1	80	0	0	0	6	4	45
ESP	Spain	26	256	658	956	1275	530	410	288	270	110	77	58	37	41	18	32	35	92	36	48	67	48	65	125	110	115	83	151	209	206	274	243	221	196	165	124	155	151	159	150	270	414	481	348	587	521	889	1326	1355	1382	1166	1309	1160	1240	1042	852	1175
EST	Estonia	0	0	0	0	0	0	0	0	0	0	0	0	0	0	0	0	0	0	0	0	0	0	0	0	0	0	0	0	0	0	0	0	0	0	0	0	0	0	0	0	0	1	2	1	1	2	1	8	31	14	108	414	24	22	194	196	213
ETH	Ethiopia	0	0	0	0	0	0	0	0	0	0	0	0	0	0	0	0	0	0	0	0	2	0	0	1	0	0	0	1	0	1	0	0	0	0	0	1	0	0	2	0	0	0	0	0	0	0	2	5	6	8	1	0	0	0	0	0	0
FIN	Finland	0	6	45	95	74	109	95	80	59	47	64	24	27	32	5	2	0	2	0	0	0	0	0	1	8	7	6	7	17	14	75	116	163	47	44	66	1	7	47	82	55	56	24	13	62	46	184	236	309	496	675	467	350	121	449	123	140
FRA	France	36	137	246	418	415	423	309	143	89	66	48	34	24	18	6	25	15	9	13	26	31	32	68	92	128	127	106	132	69	105	90	101	100	100	155	95	92	88	130	80	125	79	171	188	206	637	804	921	1955	1432	938	1470	1346	2679	1482	3455	1994
GAB	Gabon	0	0	0	0	4	0	0	0	6	0	0	0	0	0	0	0	0	0	0	0	0	3	0	0	0	0	0	0	0	0	0	0	0	0	0	0	0	0	0	0	0	0	0	0	1	0	1	0	0	3	2	3	3	4	9	5	3
GBR	United Kingdom	92	660	1245	2258	4958	6009	5212	4421	3501	2726	2098	1614	1254	746	859	2504	2250	1210	1221	220	862	648	496	872	1479	1782	1998	2560	3271	3243	5415	4794	6299	6921	8626	5919	9951	11430	6699	5266	3607	8729	11999	7610	9946	12052	14674	14413	20099	11450	14043	16158	16583	14316	17153	16328	17286
GEO	Georgia	2	1	6	1	1	2	0	1	1	4	0	0	0	1	0	1	0	0	0	0	0	0	0	0	0	0	0	1	0	1	1	0	1	0	0	0	1	1	0	0	0	0	0	1	0	1	0	2	1	0	3	4	7	2	4	1	0
GHA	Ghana	0	0	0	0	17	9	0	0	1	0	1	0	10	16	0	2	3	3	1	3	6	30	9	4	1	8	12	4	1	0	0	1	0	1	1	10	6	3	6	17	15	13	6	7	14	79	75	2	0	25	10	1	0	1	0	11	0
GIN	Guinea	0	0	0	0	0	0	0	0	0	0	0	0	0	0	0	5	0	1	0	0	0	0	0	0	0	0	0	0	0	0	0	0	0	0	0	0	0	0	0	0	0	0	0	0	0	2	0	0	0	0	1	0	0	0	0	1	0
GLP	Guadeloupe	0	0	3	10	11	2	0	0	0	0	0	0	0	0	0	0	0	0	0	0	0	0	0	0	0	0	0	0	0	0	0	0	0	0	0	0	0	0	0	0	0	0	0	0	0	0	0	0	23	1	0	4	15	10	8	7	0
GMB	Gambia	0	0	0	4	0	1	0	0	1	7	6	7	7	5	4	2	5	4	19	0	4	106	135	19	9	15	22	5	14	2	2	5	0	0	1	0	0	0	0	0	0	0	0	1	0	2	2	6	0	6	0	2	0	5	26	7	5
GNQ	Equatorial Guinea	0	0	0	0	1	0	0	2	10	11	5	5	11	14	7	10	7	7	7	7	6	4	5	4	3	0	0	0	0	0	0	0	0	0	0	0	2	0	1	1	4	1	2	2	1	1	9	4	6	6	6	16	0	2	0	0	0
GRC	Greece	1	4	51	27	19	15	3	4	11	2	5	9	0	0	0	0	0	0	0	0	0	1	1	8	7	0	3	12	11	22	13	16	27	13	15	108	59	168	17	41	23	127	143	98	103	2	13	93	55	40	48	64	201	199	172	320	140
GRD	Grenada	0	0	0	0	0	0	0	0	0	0	0	0	0	0	0	0	0	0	0	0	0	0	0	0	0	0	0	0	0	0	0	0	0	0	0	0	0	0	0	0	0	0	0	0	0	4	0	1	0	0	0	0	0	0	0	0	0
GTM	Guatemala	0	0	1	9	0	0	0	0	0	0	0	0	3	1	0	0	0	2	0	2	2	5	4	2	1	0	0	0	0	1	0	0	1	0	0	0	2	0	0	1	1	0	0	0	0	1	1	0	0	0	0	0	0	0	0	0	0
GUY	Guyana	0	0	0	0	1	0	0	0	0	0	0	0	0	0	0	0	0	0	0	0	0	0	0	0	0	0	0	0	4	0	0	0	0	0	0	0	0	0	0	0	0	0	0	0	2	1	0	2	0	0	0	0	0	0	0	0	0
HKG	Hong Kong	16	6	12	42	35	25	1	1	0	0	1	1	1	0	0	0	0	13	13	88	112	104	75	36	38	16	33	14	13	23	17	23	35	10	5	8	18	38	49	140	61	39	41	83	60	4	3	16	2	0	7	1	1	0	11	2	2
HND	Honduras	0	0	0	0	0	0	0	0	0	0	0	0	0	0	0	0	0	0	0	0	0	0	0	0	0	0	0	0	0	0	0	0	0	0	0	0	0	0	0	0	0	0	0	0	0	1	2	1	7	0	2	16	0	0	0	0	0
HRV	Croatia	0	2	2	11	21	6	5	1	1	0	0	0	0	0	0	0	0	0	0	0	0	0	0	0	2	2	2	4	8	1	0	9	3	0	0	0	0	29	0	0	0	0	0	4	4	12	18	25	22	129	189	189	337	227	277	111	0
HTI	Haiti	0	0	0	0	1	0	0	0	1	0	0	13	0	0	0	0	0	0	0	0	0	0	0	0	0	0	0	0	0	0	0	0	0	0	0	0	0	1	2	1	1	1	1	5	2	0	1	0	0	1	0	0	0	0	0	0	0
HUN	Hungary	0	2	3	16	22	18	22	10	16	6	2	4	1	1	9	4	0	3	0	1	0	1	0	0	0	0	9	74	1	2	0	57	49	1	3	39	2	2	1	1	1	2	0	0	0	9	8	14	14	29	12	6	3	1	2	6	0
IDN	Indonesia	0	0	6	13	18	9	17	12	11	6	4	6	9	3	13	11	9	12	6	7	12	17	12	11	10	17	3	11	18	11	13	10	14	21	18	14	14	47	22	33	51	30	42	53	105	157	132	117	84	92	52	84	97	78	70	89	40
IND	India	1	5	11	37	36	142	83	107	105	214	235	266	353	407	223	307	427	126	161	105	168	118	183	209	259	63	139	149	179	215	156	188	165	77	129	128	87	65	62	195	239	224	314	283	169	132	211	220	122	298	227	393	488	644	565	533	964
IRL	Ireland	0	7	11	111	59	131	149	160	46	80	42	23	24	6	1	3	0	0	8	29	1	21	38	28	60	22	0	29	47	98	7	16	67	44	54	21	51	36	31	103	19	15	79	41	169	98	287	204	353	701	956	545	850	711	753	915	801
IRN	Iran	11	15	23	6	5	1	5	1	0	2	3	1	1	0	0	1	3	1	2	2	2	1	0	0	0	6	1	0	0	1	5	2	0	0	0	0	3	2	0	3	0	1	0	0	1	1	0	1	2	2	3	4	0	0	0	0	0
IRQ	Iraq	0	0	0	0	0	0	0	0	0	0	0	0	0	0	1	10	17	0	2	0	2	11	3	0	1	0	0	0	0	1	0	2	0	0	0	0	0	0	0	0	0	0	0	0	2	0	0	4	0	0	6	37	5	0	3	0	0
ISL	Iceland	0	9	47	268	414	356	107	34	0	0	0	0	0	0	0	0	0	0	0	0	0	4	39	31	22	26	23	20	8	167	238	260	556	415	306	361	147	95	64	93	89	65	74	73	46	51	0	0	0	0	0	0	0	0	0	0	0
ISR	Israel	2	15	34	60	58	97	30	36	24	1	0	0	0	0	17	1	6	5	10	2	2	45	2	1	2	2	0	3	0	1	0	0	0	1	0	0	0	0	1	0	9	28	21	158	1007	893	616	553	903	1067	730	420	967	1057	266	558	332
ITA	Italy	174	211	235	243	151	135	132	90	65	76	28	27	8	3	18	32	18	21	81	12	11	17	5	11	12	29	86	56	79	97	52	47	33	62	52	253	117	63	83	127	65	156	429	317	318	245	381	446	83	683	938	1628	1672	2055	2153	2764	1175
JAM	Jamaica	0	0	4	4	0	0	0	0	0	0	0	0	0	0	0	0	0	0	0	0	0	0	0	0	0	0	0	0	0	0	0	0	0	0	0	0	0	0	0	0	0	0	0	5	0	0	0	0	0	0	0	0	0	0	0	0	0
JOR	Jordan	0	0	0	12	6	6	4	0	0	0	0	0	0	0	2	0	0	2	2	0	0	0	0	0	1	5	7	4	19	20	0	206	88	66	41	5	43	1	0	0	0	0	1	4	5	40	0	1	9	0	11	2	1	0	6	4	1
JPN	Japan	30	74	99	97	183	535	944	756	476	282	131	72	36	32	45	84	63	119	230	266	434	596	1120	1158	854	756	668	451	299	240	232	226	254	260	365	272	436	639	895	826	1025	1152	965	1020	1042	2089	1756	1460	1264	893	612	548	509	685	861	1059	1528
KAZ	Kazakhstan	0	13	0	0	5	0	0	7	9	30	2	1	0	0	0	0	0	2	12	5	5	0	0	1	0	0	0	0	0	0	0	0	0	0	0	0	0	3	4	2	2	2	11	4	5	8	3	1	0	0	0	0	3	10	10	17	4
KEN	Kenya	0	0	1	5	8	15	13	25	34	22	36	84	33	0	17	14	8	22	20	16	7	0	7	9	17	18	1	20	0	0	1	2	3	12	17	15	14	19	13	15	10	24	10	2	3	15	6	17	44	9	1	0	8	18	43	42	44
KGZ	Kyrgyzstan	0	0	0	0	0	0	1	0	0	0	0	0	0	0	0	0	0	1	0	0	0	0	0	0	0	0	0	0	0	0	0	1	1	0	0	0	0	0	0	0	0	0	0	0	0	0	0	0	0	0	0	0	0	0	0	0	0
KHM	Cambodia	0	1	5	8	3	2	0	0	0	0	0	0	0	0	0	0	0	0	0	0	0	0	0	0	0	0	0	0	0	0	0	0	0	0	0	1	1	3	0	7	9	0	1	0	5	0	0	2	0	2	1	11	9	6	12	0	0
KNA	Saint Kitts and Nevis	0	0	0	1	2	0	0	0	0	0	0	0	0	0	0	0	0	0	0	0	0	0	0	0	0	0	0	0	0	0	0	0	0	0	0	0	0	0	0	0	0	0	0	0	0	0	0	0	0	0	0	0	0	0	0	0	0
KOR	South Korea	40	10	27	33	32	14	4	2	0	1	37	29	35	70	85	48	55	63	69	38	33	50	23	12	76	98	75	37	18	20	24	13	31	19	35	42	24	60	97	69	70	49	86	74	46	35	13	54	52	63	87	106	75	110	155	103	110
KWT	Kuwait	0	4	0	0	0	0	0	0	0	0	0	0	1	2	0	0	0	1	0	0	0	0	0	0	0	0	0	0	1	0	0	0	0	0	0	0	0	0	0	0	0	0	0	6	9	0	0	1	0	0	0	0	0	0	0	0	1
LBN	Lebanon	0	0	1	6	0	0	0	0	0	0	0	0	0	0	3	0	0	0	2	0	0	0	4	0	3	0	0	10	0	0	0	3	0	0	0	0	1	1	0	0	2	0	0	4	1	1	2	0	2	0	0	0	0	0	0	0	0
LBR	Liberia	0	0	0	0	0	0	0	0	0	0	0	0	0	0	0	0	0	0	0	0	0	0	0	0	0	0	0	0	0	0	0	0	0	0	0	0	0	0	0	0	0	1	0	0	0	0	0	0	0	0	0	0	0	0	0	0	0
LCA	Saint Lucia	0	0	0	0	0	0	0	0	0	0	0	0	0	0	0	0	0	0	0	0	0	0	0	0	0	0	0	0	0	0	0	0	0	0	0	0	0	0	0	0	0	0	1	3	0	0	4	2	0	0	0	0	0	0	0	0	0
LIE	Liechtenstein	0	0	0	0	0	0	0	0	0	0	0	0	0	0	0	0	0	0	0	0	0	0	0	0	0	0	0	0	0	0	0	0	0	0	2	1	0	0	1	0	1	3	9	4	12	0	1	1	0	3	2	0	1	1	1	0	0
LKA	Sri Lanka	0	0	1	2	1	2	0	0	1	1	0	0	0	0	0	0	1	0	0	0	0	3	0	0	0	0	0	0	0	0	0	1	2	2	9	0	8	1	0	5	1	1	0	1	9	4	18	36	38	22	17	34	17	0	15	22	10
LSO	Lesotho	0	0	0	0	0	0	0	0	0	0	0	0	0	0	0	0	0	0	0	0	0	0	0	0	0	0	0	0	0	0	0	0	0	0	0	0	0	0	1	1	1	0	2	0	0	2	3	8	0	0	0	0	0	0	0	0	0
LTU	Lithuania	0	0	0	0	0	5	36	22	9	1	0	0	13	1	1	0	0	0	0	0	0	3	4	12	6	10	4	10	20	0	3	3	1	2	0	2	1	7	10	16	158	143	81	30	57	153	105	84	11	173	225	607	647	572	129	1162	791
LUX	Luxembourg	1	3	31	74	60	38	20	23	19	6	2	7	5	0	0	1	3	5	14	9	16	9	11	8	8	2	3	4	3	6	12	10	23	28	341	308	213	217	213	223	390	380	292	115	146	110	72	102	145	338	177	135	306	340	195	359	375
LVA	Latvia	0	0	0	7	18	5	0	2	1	11	7	1	0	1	2	0	5	1	2	22	7	6	5	17	1	2	18	8	14	18	29	198	100	8	4	3	0	1	1	0	0	1	3	0	1	1	12	72	93	153	233	193	275	190	390	577	258
MAF	Saint Martin	0	0	0	0	5	4	1	0	0	0	0	0	0	0	0	0	0	0	0	0	0	0	0	0	0	0	0	0	0	0	0	0	0	0	0	0	0	0	0	0	0	0	0	0	0	0	0	0	0	0	0	0	0	0	0	0	0
MAR	Morocco	1	1	0	11	0	16	2	3	14	1	21	2	1	1	0	0	0	0	2	0	0	0	0	1	0	0	0	0	0	2	0	0	0	1	0	0	0	0	0	0	0	0	7	5	8	21	2	0	0	4	0	0	12	9	1	28	12
MCO	Monaco	0	0	0	0	0	0	0	0	0	0	0	0	0	0	0	0	0	0	0	0	0	0	0	0	0	0	0	0	0	0	0	0	0	0	0	0	0	0	0	0	0	0	0	0	0	0	0	1	0	1	0	0	4	0	0	0	0
MDA	Moldova	0	0	0	0	0	0	0	0	0	0	0	0	0	0	0	0	4	0	0	0	0	0	0	0	0	0	0	0	0	0	0	0	0	0	0	0	0	1	0	0	0	0	0	0	0	0	0	0	0	0	0	0	0	3	1	0	0
MDG	Madagascar	0	0	0	0	2	0	0	0	0	0	1	0	0	0	0	0	0	0	0	0	0	0	0	0	1	0	0	0	0	1	0	0	0	0	0	3	2	10	3	3	0	4	4	6	0	12	13	8	4	16	3	9	12	3	0	0	0
MDV	Maldives	0	0	0	0	0	0	1	0	0	0	0	0	0	0	0	0	0	0	0	0	0	0	0	0	0	0	0	0	0	0	0	0	0	0	0	0	0	0	0	0	0	0	0	0	0	0	1	0	0	0	0	0	0	0	0	0	0
MEX	Mexico	1	1	16	12	25	28	58	44	49	72	42	46	56	58	91	33	41	36	37	43	25	45	66	68	50	42	35	30	19	7	19	15	7	18	18	5	20	19	59	93	73	102	155	151	49	69	97	211	97	175	548	493	422	702	558	529	485
MKD	North Macedonia	0	0	0	0	3	0	0	0	0	0	0	0	1	0	14	14	4	18	2	3	2	3	3	7	1	2	0	0	9	0	0	2	5	4	8	7	14	7	1	0	2	7	11	19	6	20	45	25	29	34	42	17	5	10	16	10	1
MLI	Mali	0	0	0	1	0	1	11	10	0	0	0	0	0	0	0	1	0	0	0	0	0	0	0	0	0	0	0	0	0	0	0	0	0	0	0	0	0	4	0	0	0	0	0	0	1	0	0	0	0	0	0	0	0	0	0	0	0
MLT	Malta	0	0	0	0	0	0	0	0	0	0	0	0	0	0	0	0	0	0	0	0	0	0	0	0	1	2	0	2	5	0	0	0	0	0	0	0	0	0	0	0	0	0	0	0	0	0	0	0	0	0	0	0	0	0	0	0	1
MMR	Myanmar	0	0	0	0	0	0	0	0	1	0	0	0	0	0	0	0	0	0	0	0	0	0	0	0	0	0	0	0	0	0	0	0	1	1	0	1	0	2	1	3	4	1	1	0	0	9	4	2	1	2	1	0	0	0	0	0	0
MNE	Montenegro	0	0	0	3	0	0	0	0	0	0	0	0	0	0	0	0	0	0	0	0	6	3	0	0	0	0	0	0	0	0	0	0	0	0	0	0	0	0	0	0	0	0	0	0	0	0	0	19	0	0	0	0	0	0	0	0	0
MNG	Mongolia	0	0	0	5	1	0	0	1	0	0	0	0	0	0	0	0	0	0	0	0	0	0	0	0	1	0	0	0	0	0	0	0	1	0	0	0	2	0	1	1	0	1	0	2	0	2	1	1	0	1	0	3	2	0	3	0	0
MOZ	Mozambique	0	0	0	0	0	0	0	0	0	0	0	0	0	0	0	0	0	0	0	5	2	0	0	0	1	0	3	2	1	1	2	1	0	0	0	0	0	0	0	15	6	4	10	18	8	20	38	9	7	0	0	0	0	0	0	0	0
MRT	Mauritania	0	0	0	0	0	0	0	0	0	0	0	0	0	0	0	0	0	0	0	0	0	0	0	0	0	0	0	0	0	0	0	0	0	0	0	0	0	0	0	0	0	0	0	0	0	0	1	0	0	0	0	1	0	0	0	0	0
MUS	Mauritius	0	0	0	0	0	0	0	0	0	0	0	0	0	0	0	0	0	0	0	0	0	0	0	0	0	0	0	0	0	0	0	0	0	0	0	0	0	1	0	2	0	0	0	0	0	1	2	5	1	4	2	0	0	3	89	3	0
MWI	Malawi	0	0	0	0	0	0	0	0	0	0	0	0	0	0	0	0	0	0	0	0	0	0	0	0	0	0	0	0	0	0	0	0	0	0	0	0	0	0	0	2	0	0	0	0	2	5	31	88	32	0	1	0	0	0	0	0	0
MYS	Malaysia	4	9	9	14	23	35	28	9	7	2	3	2	12	4	3	3	0	0	0	0	1	2	5	0	4	5	0	22	1	0	1	14	10	11	13	24	32	28	7	5	0	5	32	10	12	29	27	27	20	16	9	8	26	15	12	12	13
NER	Niger	0	0	0	0	0	0	0	0	0	0	0	1	3	0	0	0	0	0	0	0	0	0	0	0	0	0	0	0	0	0	0	0	0	0	0	0	0	0	0	0	0	0	0	0	0	0	0	0	0	0	0	0	0	0	0	0	0
NGA	Nigeria	0	0	0	0	8	15	4	1	23	15	13	17	12	6	10	19	8	12	10	16	9	4	1	6	0	4	1	4	1	0	0	0	4	2	0	0	0	3	2	10	19	9	21	20	29	136	92	25	43	40	32	31	17	7	10	9	1
NIC	Nicaragua	0	0	0	0	0	0	0	0	0	0	0	0	0	0	0	1	0	1	2	0	0	0	0	0	0	0	0	0	0	0	0	0	0	0	0	0	0	0	0	0	0	0	0	0	0	0	0	0	0	0	1	0	0	0	0	0	0
NLD	Netherlands	15	118	232	180	279	291	194	136	137	135	84	45	169	79	54	70	42	44	50	53	20	25	34	54	93	49	76	53	65	120	121	150	150	227	203	185	182	209	227	237	260	359	417	530	613	721	845	886	1126	1171	1113	1186	1245	1762	2221	1779	1886
NOR	Norway	4	7	18	17	22	18	17	16	17	5	8	7	4	2	0	1	8	24	34	16	11	16	48	96	17	10	16	37	25	21	67	73	54	56	96	137	82	67	64	51	88	120	114	92	123	211	206	378	461	367	308	440	520	590	601	614	763
NPL	Nepal	0	0	0	0	1	0	0	0	0	0	0	0	0	0	0	0	0	0	0	0	0	0	2	6	6	0	1	0	0	4	2	6	5	6	9	1	4	2	2	1	1	2	0	5	1	1	2	1	0	0	0	0	1	1	1	0	1
NZL	New Zealand	0	4	5	79	180	129	54	18	19	5	3	0	1	0	0	0	4	2	2	2	1	1	1	0	30	34	44	18	16	9	8	7	8	6	26	21	12	11	13	13	13	9	10	8	13	6	8	12	9	8	7	7	15	16	15	13	10
OMN	Oman	2	1	1	16	12	7	13	17	24	16	9	11	44	14	12	10	1	2	4	5	4	1	0	0	4	0	0	5	1	3	2	2	0	1	0	0	0	0	0	0	0	0	0	2	0	0	0	0	0	0	0	0	0	0	0	0	0
PAK	Pakistan	0	0	1	2	1	1	0	0	0	0	2	6	3	8	27	13	9	0	5	6	2	1	0	1	9	0	0	0	3	1	0	2	8	1	0	1	1	3	8	22	2	17	9	2	8	7	8	2	0	1	5	6	2	2	2	6	16
PAN	Panama	2	5	40	49	53	84	51	41	25	16	17	22	18	42	2	7	9	21	16	4	11	9	19	13	1	21	0	0	0	0	0	0	0	0	0	0	0	0	4	4	13	0	0	44	19	33	24	20	28	39	23	22	1	2	0	0	0
PER	Peru	0	6	34	67	45	55	18	37	9	7	39	5	41	6	0	6	83	6	25	4	5	3	5	13	36	40	60	30	12	23	9	6	0	37	21	0	2	1	27	9	23	73	47	21	61	29	32	75	8	8	4	4	4	2	5	3	0
PHL	Philippines	0	6	4	6	10	0	1	0	0	0	0	0	0	2	1	3	0	6	2	23	9	17	5	9	4	5	0	4	6	6	3	4	1	2	1	26	106	79	102	84	153	120	181	174	71	323	220	275	299	233	191	238	129	169	362	341	403
PNG	Papua New Guinea	0	0	0	0	0	0	0	0	0	0	0	0	0	0	0	0	0	0	0	0	0	5	0	0	0	1	1	1	0	2	0	1	2	0	0	0	0	0	0	0	17	10	4	9	1	3	0	2	3	6	34	21	34	28	11	1	14
POL	Poland	0	3	2	8	22	31	19	10	20	14	19	38	16	2	19	5	1	0	0	0	0	0	3	4	9	5	5	7	3	5	6	9	9	30	49	30	22	7	19	1	0	1	11	96	1	54	128	69	210	172	248	461	698	733	1182	832	887
PRT	Portugal	0	13	70	387	633	243	75	54	41	21	9	6	22	48	39	26	13	19	33	30	1	0	0	0	0	3	33	3	0	0	0	0	0	0	1	1	9	324	63	22	10	8	24	201	70	214	634	101	136	51	822	93	23	671	431	55	19
PRY	Paraguay	0	0	0	0	0	0	0	0	0	0	1	0	0	0	0	0	0	4	0	3	0	0	0	0	0	0	0	0	1	1	0	0	3	0	0	0	1	1	0	0	1	5	1	1	0	9	5	3	3	5	4	6	27	2	1	0	0
PSE	Palestine	0	4	5	5	2	6	0	0	0	0	0	0	0	0	0	0	0	13	2	8	8	0	2	0	1	14	0	0	0	0	0	0	0	0	0	0	4	0	0	0	22	0	0	0	4	3	0	0	0	15	0	0	0	0	0	0	0
PYF	French Polynesia	0	0	0	0	0	0	0	0	0	0	0	0	0	0	0	0	0	0	0	0	0	0	0	0	0	0	0	0	0	0	0	0	0	0	0	0	0	0	0	0	0	2	3	1	2	2	1	0	0	0	0	0	0	0	0	0	0
QAT	Qatar	0	0	16	41	19	8	34	30	115	98	129	27	138	79	103	84	69	30	64	62	9	9	0	31	55	47	7	54	4	1	9	17	18	15	6	8	8	6	11	21	6	1	1	31	122	13	16	10	3	52	35	63	55	41	41	80	64
ROU	Romania	0	0	0	1	11	1	12	15	13	16	1	12	4	5	7	15	2	0	0	0	2	5	1	0	3	1	0	0	3	1	6	6	5	1	1	3	1	1	5	35	9	17	3	2	4	11	10	7	22	18	33	27	54	55	91	21	9
RUS	Russia	0	0	12	32	39	56	50	33	62	38	27	60	59	83	69	43	29	20	17	26	49	30	22	36	38	24	52	44	84	81	143	110	114	96	23	20	75	156	110	69	78	47	143	126	68	72	46	34	5	10	73	201	100	78	127	59	45
RWA	Rwanda	0	0	0	0	0	0	0	0	0	0	0	0	0	1	0	5	3	0	0	2	2	3	1	0	9	23	32	9	2	0	0	0	0	2	8	0	8	0	0	1	1	3	44	11	13	18	31	18	13	3	10	0	0	0	0	0	0
SAU	Saudi Arabia	4	2	8	30	67	95	122	68	107	39	14	8	0	63	29	74	62	68	38	0	13	0	15	8	7	1	14	0	0	0	0	0	0	0	0	0	0	0	0	0	0	0	0	0	0	0	0	0	0	0	0	0	0	0	0	0	0
SEN	Senegal	1	3	8	12	1	7	4	6	24	0	0	0	0	2	5	42	21	0	3	7	5	14	3	15	1	2	3	3	1	3	0	0	0	0	0	0	0	0	0	0	0	0	10	16	49	58	28	16	20	10	0	0	0	0	0	0	9
SGP	Singapore	4	20	35	72	52	58	138	145	91	61	56	46	38	17	44	25	24	43	31	35	29	15	7	1	14	14	6	12	3	1	2	6	5	2	2	2	5	9	1	0	2	3	3	2	11	7	7	14	3	11	12	8	9	5	1	4	7
SLE	Sierra Leone	0	0	0	0	0	4	4	1	1	1	0	0	0	0	0	0	0	0	0	0	0	0	0	0	0	0	0	0	0	0	0	0	0	0	0	0	0	0	0	0	0	0	0	0	0	0	3	0	1	0	1	0	0	0	0	0	0
SLV	El Salvador	0	0	0	0	0	0	0	0	0	0	0	0	0	0	0	0	0	0	0	0	0	0	0	0	0	0	0	0	0	1	0	0	0	0	0	0	0	0	0	0	0	0	0	0	0	0	0	0	0	0	0	0	0	0	0	0	0
SOM	Somalia	0	0	0	0	0	0	0	0	6	5	1	0	0	1	0	1	0	1	0	2	0	0	0	0	0	0	0	0	0	0	0	0	5	1	1	0	0	0	0	0	0	0	0	0	0	0	0	0	0	0	0	0	0	0	0	0	0
SRB	Kosovo	0	0	1	0	0	16	10	8	10	7	3	9	1	2	1	2	6	10	1	24	10	24	13	5	2	2	2	0	1	1	6	11	6	3	1	0	1	2	5	2	0	4	5	0	12	23	6	1	5	3	1	3	7	4	9	0	0
SUR	Suriname	0	0	0	0	0	0	0	0	0	0	1	0	0	0	0	0	3	31	2	2	21	1	0	2	0	0	0	0	0	0	0	0	0	0	0	0	0	0	0	0	0	0	0	0	0	1	0	0	0	8	3	6	19	12	2	10	11
SVK	Slovakia	0	0	1	0	0	2	0	1	1	2	1	1	0	0	0	0	0	0	2	1	0	0	1	1	0	1	1	0	4	6	0	0	1	0	1	1	0	10	2	14	44	1	0	85	11	51	11	20	20	95	10	46	61	485	183	253	292
SVN	Slovenia	0	9	35	13	24	17	12	4	5	4	1	1	0	0	4	3	8	16	29	35	27	39	28	9	26	27	24	16	19	36	28	17	18	12	18	25	59	40	35	51	27	24	53	19	93	23	102	83	789	584	498	517	663	654	515	756	977
SWE	Sweden	5	122	135	42	50	58	43	22	37	25	24	26	38	48	40	14	15	18	22	17	24	2	10	25	18	14	28	19	19	33	17	23	25	12	28	55	55	52	38	82	62	56	107	249	198	326	698	900	1619	2533	3601	4241	5045	4512	5979	5500	6178
SWZ	Eswatini	0	0	0	0	0	0	0	0	0	0	0	0	0	0	0	0	0	0	0	0	0	0	0	0	0	0	0	0	0	0	0	0	0	0	0	0	0	3	2	6	0	1	2	1	0	3	3	1	0	0	0	0	7	1	0	0	3
TGO	Togo	0	0	0	2	4	8	1	0	0	0	0	0	2	3	1	0	0	0	0	2	0	0	0	0	0	0	0	0	0	0	5	1	0	0	0	0	0	0	1	0	0	7	1	4	1	0	2	4	9	28	22	14	3	0	0	1	0
THA	Thailand	4	5	86	119	54	35	8	7	2	0	0	0	0	0	0	0	0	0	0	0	0	3	2	0	0	0	0	0	0	1	1	0	5	4	2	2	0	4	1	4	7	6	61	30	12	33	12	14	2	19	55	32	9	7	18	4	3
TJK	Tajikistan	0	0	0	0	0	0	0	0	0	0	0	0	0	0	0	0	0	0	0	0	0	0	0	0	0	0	0	0	0	0	0	0	0	1	0	0	0	0	0	0	0	0	0	0	0	0	0	0	0	0	0	0	0	0	0	0	0
TLS	Timor-Leste	0	0	0	0	0	1	4	13	0	0	0	0	0	0	0	0	0	0	0	0	0	0	0	0	0	0	0	0	0	0	0	0	0	0	0	0	0	0	0	0	0	0	0	0	0	0	0	0	0	0	0	0	0	0	0	0	0
TTO	Trinidad and Tobago	0	0	0	0	0	0	0	0	0	0	0	0	0	0	0	1	0	0	0	0	0	0	0	0	1	6	4	1	4	1	0	0	0	0	0	4	0	0	1	1	8	2	1	0	0	0	1	0	0	0	0	3	1	1	0	5	8
TUN	Tunisia	0	1	0	5	5	5	3	0	0	0	0	0	0	0	0	0	0	0	0	0	1	0	0	0	0	1	0	0	3	14	3	1	0	5	3	3	9	6	0	5	1	0	1	2	1	9	2	1	5	3	4	1	0	4	3	0	0
TUR	Turkey	0	0	0	24	26	3	5	27	26	42	55	29	46	16	16	5	17	21	0	0	1	0	8	6	2	0	10	2	9	9	4	1	2	1	8	3	2	4	33	1	3	0	0	60	26	11	48	183	329	6	796	306	800	332	580	60	117
TWN	Taiwan	5	1	8	41	21	10	1	1	2	1	0	0	0	0	0	0	0	0	0	0	0	0	1	0	0	0	0	0	1	1	0	0	1	0	0	1	2	2	0	1	1	0	0	2	4	2	0	2	6	1	0	0	0	1	0	0	0
TZA	Tanzania	0	0	0	0	0	0	0	0	0	0	0	0	0	0	0	0	0	0	0	0	0	0	0	0	0	0	0	0	0	0	0	0	0	0	0	0	0	0	0	0	0	1	0	1	1	1	1	1	1	1	8	1	0	1	0	0	0
UGA	Uganda	0	0	0	1	12	9	0	0	1	9	18	1	0	0	0	0	0	0	4	0	2	7	2	4	25	9	19	33	5	10	0	8	0	0	2	12	7	34	2	0	1	31	2	18	48	0	7	17	3	0	2	6	4	5	5	5	13
UKR	Ukraine	0	0	0	0	1	0	0	0	2	0	2	8	1	21	2	1	1	14	0	3	0	1	3	10	0	0	1	0	0	0	5	2	2	3	1	0	0	0	0	0	1	1	0	0	2	21	32	1	1	0	0	4	19	2	6	37	0
URY	Uruguay	0	0	1	24	11	3	9	3	9	0	3	1	13	8	3	0	7	16	5	2	9	7	1	0	0	0	0	0	0	0	0	0	0	0	0	0	0	0	0	0	0	0	0	0	0	0	0	0	0	0	0	0	3	9	12	26	9
USA	USA	85	454	1903	4811	3929	3846	2807	2418	2232	2717	2054	2178	1708	1639	1768	1949	3218	3723	3687	3732	1918	2351	1625	2625	2335	2069	1685	1560	1573	1679	1611	1320	1868	2097	2667	2625	5403	4669	5186	3324	6401	5511	5672	6896	9938	13355	13265	13372	13478	14223	16026	13140	15776	17387	19992	23503	27320
UZB	Uzbekistan	0	0	0	0	0	0	0	0	0	0	0	0	0	0	0	0	0	0	0	2	3	5	1	5	0	0	2	0	1	1	4	1	0	15	0	0	0	0	0	0	0	4	0	0	0	0	1	0	0	0	0	0	0	0	0	0	0
VCT	Saint Vincent and the Grenadines	0	0	0	0	0	0	0	0	0	0	0	0	0	0	0	0	0	0	0	0	0	0	0	0	0	0	0	0	0	0	0	0	0	0	0	0	0	0	1	0	0	0	0	0	0	0	0	0	0	0	0	0	0	0	0	0	0
VEN	Venezuela	0	0	0	3	0	1	3	0	0	0	0	0	2	1	0	0	0	0	0	0	0	0	0	0	0	0	0	0	0	0	0	0	0	0	0	0	0	0	0	0	0	0	0	0	0	0	0	0	0	0	0	0	0	0	0	0	0
VNM	Vietnam	0	6	13	37	34	8	6	1	1	0	0	0	0	0	0	0	0	0	0	0	0	0	0	0	0	0	0	0	0	0	0	0	0	0	0	0	0	0	0	0	0	0	0	1	0	1	0	1	1	0	5	1	0	0	0	0	0
YEM	Yemen	0	0	0	0	0	0	0	0	0	0	0	0	0	0	0	0	0	0	0	1	0	0	0	0	0	0	0	0	0	0	0	0	0	0	0	0	0	0	0	0	0	0	0	0	0	0	0	0	0	0	0	0	0	0	0	0	0
ZAF	South Africa	0	3	2	10	30	60	42	20	19	29	28	37	31	43	55	49	136	80	168	146	264	212	204	71	123	60	46	112	76	51	57	66	118	82	108	101	156	99	178	150	117	123	187	237	302	459	252	113	129	151	104	117	73	96	99	47	47
ZMB	Zambia	0	0	0	3	14	1	1	0	0	0	1	0	0	0	14	12	6	8	16	23	17	37	15	18	1	0	0	0	0	0	0	0	0	0	0	1	0	0	0	0	3	0	8	11	0	0	6	6	0	0	0	0	0	0	0	0	0
ZWE	Zimbabwe	0	8	0	0	0	13	0	0	0	35	0	0	0	0	41	0	0	0	0	0	0	0	24	0	5	7	0	7	0	1	0	1	4	1	3	0	1	0	1	0	0	1	8	32	93	72	18	17	7	0	0	0	0	0	0	0	0
